Produtos;Valor;valor parcelado
Placa de Vídeo RTX 4060 Ti OC Edition Asus TUF Gaming NVIDIA GeForce, 8 GB GDDR6, ARGB, DLSS - TUF-RTX4060TI-O8G-GAMING;R$ 2.899,99;10x de R$ 341,17
Placa de Vídeo RTX 4060 8G V2 Gaming ATS OC ASUS NVIDIA GeForce, 8GB GDDR6, DLSS, Ray Tracing, G-Sync - 90YV0JM2-M0NA00;R$ 2.199,99;10x de R$ 258,82
Placa de Vídeo RTX 3060 1-Click OC Galax NVIDIA GeForce, 12GB GDDR6, LHR, DLSS, Ray Tracing - 36NOL7MD1VOC;R$ 1.639,99;10x de R$ 192,94
Placa de Vídeo RX 6600 8G-V3 Dual ASUS AMD Radeon, 8GB GDDR6 - 90YV0GP3-M0NA00;R$ 1.299,99;10x de R$ 152,94
Placa de Vídeo RX 6750XT Gaming XFX Graphics Card AMD Radeon, 12GB GDDR6, Ray tracing, Fidelity FX - RX-675TMBAF9;R$ 2.099,99;10x de R$ 247,05
Placa de Vídeo RTX4060 1-Click OC 2X TecLab Lite GALAX NVIDIA GeForce, 8GB GDDR6, G-SYNC, DLSS, Ray Tracing;R$ 1.899,99;10x de R$ 223,52
Placa de Vídeo RX 6650XT XFX Speedster SWFT210 AMD Radeon, 8GB GDDR6, HDMI 3xDP 2 FAN - RX-665X8DFDY;R$ 1.509,99;10x de R$ 177,64
Placa de Vídeo RX 6600 CLD 8G ASRock AMD Radeon, 8GB, GDDR6 - 90-GA2RZZ-00UANF;R$ 1.299,99;10x de R$ 152,94
Placa de Vídeo RTX 4060 VENTUS 2x Black OC MSI NVIDIA GeForce, 8GB GDDR6, DLSS, Ray Tracing;R$ 1.999,99;10x de R$ 232,55
Placa de Vídeo RX 6600 XFX Core Gaming Speedster SWFT 210 AMD Radeon Graphics Card, 8GB GDDR6, AMD RDNA 2 - RX-66XL8LFDQ;R$ 1.289,99;10x de R$ 151,76
Placa de Video RTX 4060 Infinity 2 Palit NVIDIA GeForce, 8GB GDDR6, DLSS, Ray Tracing, G-Sync - NE64060019P1-1070L;R$ 1.899,99;10x de R$ 223,52
Placa de Vídeo RTX 4060 TI Ventus 2X Black 8G OC MSI NVIDIA GeForce, 8GB GDDR6, DLSS, Ray Tracing, G-Sync;R$ 2.569,99;10x de R$ 302,35
Placa de Vídeo RTX 3050 Windforce OC Gigabyte NVIDIA GeForce, 6GB GDDR6, DLSS, Ray Tracing - GV-N3050WF2OC-6GD;R$ 1.299,99;10x de R$ 152,94
Placa de Video RTX 3060 Palit NVIDIA GeForce, 12GB GDDR6, RGB, DLSS, G-Sync, Ray Tracing - NE63060019K9-190AD;R$ 1.659,99;10x de R$ 195,29
Placa de Vídeo RX 570 Phantom Gaming Elite ASRock AMD Radeon, 8GB GDDR5, HDR, FreeSync - 90-GA2PZZ-00UANF;R$ 899,99;10x de R$ 105,88
Placa de Vídeo RTX 3060 Ventus 2X MSI NVIDIA GeForce, 12GB GDDR6, DLSS, Ray Tracing - RTX 3060 Ventus 2X 12G OC;R$ 1.599,99;10x de R$ 177,77
Placa De Vídeo Galax Geforce RTX 4060, 8GB, 1 Click Oc V2, GDDR6, 128 Bit - 46nsl8md9nxv;R$ 2.329,99;10x de R$ 232,99
Placa de Vídeo MSI RTX 3050 Ventus 2X XS OC NVIDIA GeForce, 8GB GDDR6 - 912-V809-4266;R$ 1.429,99;10x de R$ 162,49
Placa de Vídeo RTX 4060 Ti VENTUS 3X 8G OC MSI NVIDIA GeForce, 8 GB GDDR6, DLSS, Ray Tracing;R$ 2.649,99;10x de R$ 311,76
Placa de Vídeo RTX 4060 EAGLE OC Gigabyte NVIDIA GeForce, 8GB GDDR6, DLSS, Ray Tracing - GV-N4060EAGLE OC-8GD;R$ 2.299,99;10x de R$ 270,58
Placa de Vídeo RTX 4060 AERO OC Gigabyte NVIDIA GeForce, 8GB GDDR6, RGB, DLSS, Ray Tracing, Branco - GV-N4060AERO OC-8GD;R$ 2.199,99;10x de R$ 258,82
Placa de Vídeo RX 7600 GAMING OC 8G AMD Radeon Gigabyte, 8GB GDDR6, 128bits, RGB - GV-R76GAMING OC-8GD;R$ 1.698,99;10x de R$ 199,88
Placa de Vídeo RTX 4060 TI XLR8 Gaming Verto Epic-x PNY NVIDIA GeForce, 8GB GDDR6, ARGB, DLSS, Ray Tracing, G-Sync - VCG4060T8TFXXPB1;R$ 2.699,99;10x de R$ 317,64
Placa de Vídeo RTX 4070 Super 1-Click OC 2X TecLab Lite Galax NVIDIA GeForce - 47SOM7MDABCD;R$ 4.199,99;10x de R$ 494,11
Placa de Vídeo RTX 4060 Ti Eagle OC Gigabyte NVIDIA GeForce, 8 GB GDDR6, DLSS, Ray Tracing - GV-N406TEAGLE OC-8GD G10;R$ 2.799,99;10x de R$ 329,41
Placa De Vídeo Msi RTX 4060 Ventus 2x Oc Black, Nvidia GeForce, 8GB, GDDR6 - 912-V516-012;R$ 2.142,92;10x de R$ 225,57
Placa De Vídeo RTX 4060 TI Ventus 2x Oc, MSI, Nvidia, 8GB RAM, GDDR6 - 912-V515-024;R$ 2.719,90;10x de R$ 271,99
Placa de Vídeo Gigabyte Radeon RX 6600 EAGLE AMD, 8GB GDDR6, Preto - GV-R66EAGLE-8GD;R$ 1.459,99;10x de R$ 169,76
Placa de Vídeo RTX 4070 Super MSI 12G Ventus 2X OC NVIDIA GeForce, 12GB GDDR6X, DLSS, Ray Tracing;R$ 4.199,99;10x de R$ 494,11
Placa de Video RTX 4060 TI PNY NVIDIA GeForce Verto Dual Fan, 16GB GDDR6, DLSS, Ray Tracing, G-Sync - VCG4060T16DFXPB1;R$ 2.999,99;10x de R$ 352,94
Placa de vídeo RTX 3050 EX Galax NVIDIA GeForce, 6GB GDDR6. DLSS, Ray Tracing, G-Sync - 527200-0119;R$ 1.159,99;10x de R$ 136,46
Placa de Vídeo RTX 4060 Dual OC 8G White NVIDIA GeForce, 8GB GDDR6, DLSS, Ray Tracing, G-Sync - 90YV0JC2-M0NA00;R$ 2.199,99;10x de R$ 258,82
Placa de Vídeo GTX 1650 D6 Ventus XS OCV3 MSI NVIDIA GeForce, 4GB GDDR6, G- Sync - 912-V812-003;R$ 849,99;10x de R$ 98,83
Placa de Vídeo RX7600 OC ASUS AMD Dual Radeon, 8GB GDDR6 - 90YV0IH2-M0NA00;R$ 1.799,99;10x de R$ 211,76
Placa de vídeo RTX 4060 ASUS Dual 8G EVO OC NVIDIA GeForce, 8GB GDDR6, G-SYNC, Ray Tracing - 90YV0JC7-M0NA00;R$ 2.098,99;10x de R$ 244,06
Placa de Vídeo Galax NVIDIA GeForce GTX 1650 EX Plus (1-Click OC), 4GB, GDDR6 - 65SQL8DS93E1;R$ 849,99;10x de R$ 99,99
Placa de Vídeo RX 550 AMD PCYes Dual Fan Projeto Edge, 4GB GDDR5, 128 BITS - PVEX5504GBDF;R$ 519,98;10x de R$ 55,31
Placa de Vídeo Galax Nvidia Geforce RTX 4060 TI Click OC, 8GB, GDDR6, DLSS Ray Tracing - 46ISL8MD8COC;R$ 2.579,90;10x de R$ 257,99
Placa de Vídeo MSI NVIDIA GeForce GTX 1650 D6 Ventus XS OCV3, 4GB, GDDR6, 128 Bits - 912-V812-003;R$ 799,90;10x de R$ 79,98
Placa de Vídeo GTX 1650, Galax NVIDIA GeForce, 4GB GDDR6, EX Plus, 1-Click OC, 128 Bits - 65SQL8DS93E1;R$ 789,90;10x de R$ 78,98
Placa de Vídeo RTX 4060 TI O8G EVO OC ASUS NVIDIA GeForce, 8GB GDDR6, DLSS3, Ray Tracing, G-Sync;R$ 2.699,99;10x de R$ 317,64
Placa de Video RTX 3050 Stormix Palit NVIDIA GeForce, 6GB GDDR6, DLSS, Ray Tracing, Adaptive Sync - NE63050018JE-1070F;R$ 1.049,99;10x de R$ 123,52
Placa de Vídeo RX 7600 Challenger ASRock AMD Radeon, 8GB GDDR6 - 90-GA41ZZ-00UANF;R$ 1.799,99;10x de R$ 191,48
Placa de Vídeo RTX 4060 Gaming Verto OC Dual Fan PNY NVIDIA GeForce, 08GB GDDR6, DLSS 3, Ray Tracing - VCG40608DFXPB1-O;R$ 1.899,99;10x de R$ 223,52
Placa de Vídeo RTX 4060 Ti Aero OC 8G Gigabyte NVIDIA GeForce, 8GB GDDR6, 128bits, RGB, DLSS, Ray Tracing - GV-N406TAERO OC-8GD;R$ 2.999,99;10x de R$ 352,94
Placa de Vídeo RTX 4080 Super MSI 16G Ventus 3X OC NVIDIA GeForce, 16GB GDDR6X, DLSS, Ray Tracing;R$ 7.499,99;10x de R$ 882,35
Placa de Vídeo G210 PCYes Projeto Edge Low Profile NVIDIA GeForce, 1GB DDR3 - PPE210DR3SFBR;R$ 129,99;6x de R$ 25,48
Placa de Vídeo RTX 3050 ASUS 6G Dual OC NVIDIA GeForce, 6GB GDDR6, DLSS, Ray Tracing, G-Sync - 90YV0K60-M0NA00;R$ 1.099,99;10x de R$ 129,41
Suporte de Placa de Vídeo Rise Mode, ARGB, 500mm, Aura V1, Preto - RM-SPVG-01-ARGB-B;R$ 99,99;4x de R$ 29,41
Placa de Vídeo RTX 4070 TI Super EX Gamer TecLab Lite Click OC Galax NVIDIA GeForce, 16GB GDDR6X, DLSS3, G-Sync - 47UZM6MD7JDL;R$ 5.979,99;10x de R$ 703,52
Suporte para GPU Cooler Master, ARGB, 510mm, Vidro Temperado, 20.1 - MCA-U000R-GSBTG-00;R$ 89,99;4x de R$ 26,46
Placa de Vídeo RTX 4070 Ti Super MSI 16G Ventus 2X OC NVIDIA GeForce, 16GB GDDR6X, DLSS, Ray Tracing;R$ 5.599,99;10x de R$ 658,82
Placa de Vídeo RTX4060 ProArt OC Edition ASUS NVIDIA GeForce, 8GB GDDR6, DLSS, Ray Tracing, G-Sync - 90YV0JM0-M0NA00;R$ 2.299,99;10x de R$ 270,58
Placa de Vídeo RTX 4090 Asus NVIDIA TUF Gaming GeForce OC Edition, 24GB GDDR6X, DLSS, Ray Tracing - TUF-RTX4090-O24G-GAMING;R$ 12.199,99;10x de R$ 1435,29
Placa de Vídeo GT 710 Passive Galax NVIDIA GeForce, 2GB, DDR3 - 71GPF4HI00GX;R$ 271,99;10x de R$ 28,93
Cabo Extensor PCI Express Rise Mode Riser - RM-EX-PV;R$ 139,99;6x de R$ 25,92
Placa de Vídeo R5 220 PCYes Projeto Edge Low Profile, AMD Radeon 2GB, DDR3 - PPER5DR3LPBR;R$ 160,00;7x de R$ 26,88
Placa de Vídeo RX 7600 Steel Legend ASRock AMD Radeon, 8GB GDDR6, ARGB - 90-GA4DZZ-00UANF;R$ 1.999,99;10x de R$ 235,29
Suporte de Placa de Vídeo Rise Mode, ARGB, 500mm, Aura V1, Branco - RM-SPVG-01-ARGB-W;R$ 69,99;3x de R$ 27,44
Placa de Vídeo RTX 4060 Ti Click OC Galax NVIDIA GeForce, 8 GB GDDR6, DLSS, Ray Tracing - 46ISL8MD8COC;R$ 2.899,99;10x de R$ 329,54
Placa de vídeo RTX 4070 Ti Super SG Galax NVIDIA GeForce, 16GB, GDDR6X, DLSS, Ray Tracing - 47UZM6MD6MER;R$ 5.999,99;10x de R$ 697,67
Placa de Vídeo RTX 4090 OC Asus NVIDIA ROG Strix, 24 GB GDDR6X, ARGB, DLSS, Ray Tracing - ROG-STRIX-RTX4090-O24G-GAMING;R$ 13.299,99;10x de R$ 1564,70
Placa de Vídeo Afox AMD Radeon R5 220, 2GB, DDR3, 64Bits - AFR5220-2048D3L9-V2;R$ 136,00;6x de R$ 26,66
Placa de Video RTX 4080 Super Jetstream OC Palit NVIDIA GeForce, 16GB GDDR6X, DLSS, Ray Trancing, G-Sync - NED408SS19T2-1032J;R$ 6.799,99;10x de R$ 764,04
Placa De Vídeo R5 220 Pcyes AMD Radeon, 2GB, DDR3, 64 Bits - Pper5dr3lpbr;R$ 142,09;5x de R$ 29,91
Suporte Para Placa De Vídeo Ntc, R10, Preto - R10blk;R$ 17,95;1x de R$ 17,95
Placa de Vídeo RTX 4060 TI DUAL 8G OC White ASUS NVIDIA GeForce, 8GB GDDR6, DLSS, Ray Trancing, G-Sync - 90YV0J42-M0NA00;R$ 2.799,99;10x de R$ 307,69
Placa de Vídeo ASUS Dual Radeon RX 7700XT OC Edition, 12GB, GDDR6, 192 Bits - 90YV0JZ0-M0NA00;R$ 3.288,99;10x de R$ 386,94
Placa de Vídeo RTX 4070 ASUS NVIDIA Dual 12G Evo OC, 12GB GDDR6X, DLSS3, Ray Tracing, G-Sync - 90YV0J15-M0NA00;R$ 4.099,99;10x de R$ 482,35
Placa De Vídeo Duex Geforce Gt 210, 1gb Ddr3, 64 Bits, Low Profile, HDMI/dvi/vga - G210lp-1gd3;R$ 99,90;4x de R$ 29,38
Placa de Vídeo RX 7600 XT OC ASUS AMD Radeon Dual O16G, 16GB GDDR6 - 90YV0K21-M0NA00;R$ 2.599,99;10x de R$ 302,32
Placa de Vídeo RX 6500 XT ITX Pure Gaming OC Sapphire Pulse AMD Radeon, 8GB GDDR6, Ray Tracing, FreeSync - 11314-06-20G;R$ 1.199,99;10x de R$ 141,17
Placa de Vídeo VGA Galax NVIDIA GeForce GT 1030 2GB GDDR5 64Bits - 30NPH4HVQ4ST;R$ 496,99;10x de R$ 58,46
Placa de Vídeo RTX 4060 Ti Gaming OC 8G Gigabyte NVIDIA GeForce, 8GB GDDR6, 128bits, RGB, DLSS, Ray Tracing - GV-N406TGAMING OC-8GD;R$ 2.799,99;10x de R$ 329,41
Placa de Vídeo RTX A400 PNY Nvidia Quadro, 4GB GDDR6, 64bits - VCNRTXA400ATX-PB;R$ 1.499,99;10x de R$ 176,46
Placa de Vídeo Afox RX 550 AMD Radeon 4GB, GDDR5, 128 Bits - AFRX550-4096D5H4-V5;R$ 569,90;10x de R$ 56,98
Amd Radeon Rx 580 8GB GDDR5 256bits - Rage-x Rx580-8GB-gDDR5;R$ 832,99;10x de R$ 84,99
Placa de Vídeo Duex NVIDIA GeForce GTX 750 TI, 4GB GDDR5, 128 Bits - DX GTX750TI-4GD5;R$ 748,75;10x de R$ 74,87
Placa de Vídeo RTX 4080 Super Gigabyte Aero OC NVIDIA GeForce, 16GB GDDR6, DLSS, Ray Tracing - GV-N4080SAERO OC-16GD;R$ 7.699,99;10x de R$ 905,88
Placa de Vídeo RTX 4070 Ti Super Gigabyte Windforce NVIDIA GeForce, 16GB GDDR6, DLSS, Ray Tracing - GV-N407TSWF3OC-16GD;R$ 5.799,99;10x de R$ 682,35
Placa de Vídeo Galax NVIDIA GeForce RTX 4080 Super SG, 16GB, GDDR6X, DLSS Ray Tracing, G-Sync - 48SZM6MD9RSG;R$ 8.208,00;10x de R$ 912,00
Placa de Vídeo RX 7900 XTX Sapphire AMD, 24 GB GDDR6 - 11322-02-20G;R$ 6.899,99;10x de R$ 766,66
Placa de Vídeo RTX 4080 Super OC Gaming Verto EPIC-X RGB Triple Fan PNY NVIDIA GeForce, 16GB GDDR6X, DLSS 3, Ray Tracing - VCG4080S16TFXXPB1-O;R$ 6.999,99;10x de R$ 813,95
Placa de Vídeo RTX 4070 Ti XLR8 Gaming Verto Epic PNY NVIDIA GeForce, 12GB GDDR6X, RGB, DLSS 3, Ray Tracing - VCG4070T12TFXXPB1;R$ 5.399,99;10x de R$ 635,29
Placa de Vídeo RTX 4090 ROG Strix Asus NVIDIA GeForce, 24 GB GDDR6X, ARGB, DLSS, Ray Tracing, Branco - ROG-STRIX-RTX4090-24G-WHITE;R$ 12.899,99;10x de R$ 1517,64
Placa de Vídeo Galax NVIDIA GeForce RTX 3050 EX, 6GB, GDDR6, 96 Bits - 35NRLDMD9OEX;R$ 1.199,00;10x de R$ 119,90
Placa de Video RTX 4060 TI Dual Palit NVIDIA GeForce, 8GB GDDR6, RGB, 128bit, G-Sync, Ray Tracing, DLSS - NE6406T019P1-1060D;R$ 2.599,99;10x de R$ 305,88
Placa de Vídeo RX 7600 XT ASUS AMD Radeon Tuf 16G Gaming OC, 16GB GDDR6 - 90YV0K20-M0NA00;R$ 3.499,99;10x de R$ 397,72
Placa de Vídeo Quadro T400 PNY NVIDIA, 4GB, GDDR6, PCIe 3.0 - VCNT4004GB-PB;R$ 1.299,99;10x de R$ 152,94
Placa de Vídeo RTX 4060 XLR8 VERTO EPIC-X Gaming PNY NVIDIA GeForce, 8GB GDDR6, RGB, DLSS, Ray Tracing - VCG40608TFXXPB1;R$ 1.999,99;10x de R$ 235,29
Placa de Video RTX 4070 Ti Super GamingPro WHITE OC Palit NVIDIA GeForce, 16GB GDDR6X, DLSS, Ray Trancing, G-Sync - NED47TST19T2-1043W;R$ 6.249,99;10x de R$ 710,22
Placa de Vídeo Intel Arc A380 Low Profile 6G AsRock, 6GB GDDR6, Dr. MOS - 90-GA46ZZ-00UANF;R$ 829,99;10x de R$ 97,64
Placa de Vídeo PNY Nvidia Quadro RTX A1000, 08GB GDDR6, 128bits - VCNRTXA1000ATX-PB;R$ 2.799,99;10x de R$ 329,41
Placa de Vídeo MSI RTX 3050 Ventus 2X OC, 6GB RAM, GDDR6, 96 Bits - 912-V812-016;R$ 1.456,95;10x de R$ 145,69
Placa de Vídeo Galax NVIDIA GeForce RTX 3060, 12GB GDDR6, LHR, 1-Click OC, 15GBps, Ray Tracing, DLSS - 36NOL7MD1VOC;R$ 1.869,90;10x de R$ 186,99
Placa de Vídeo Galax GT 210 Nvidia GeForce 1GB, DDR3, 64-bits - 21GGF4HI00NP;R$ 138,23;6x de R$ 25,31
Placa de Vídeo RTX 4090 ROG Strix OC Edition Asus NVIDIA GeForce, 24 GB GDDR6X, ARGB, DLSS, Ray Tracing - ROG-STRIX-RTX4090-O24G-WHITE;R$ 13.399,99;10x de R$ 1576,46
Placa de Vídeo RTX 4070 VENTUS 2X MSI NVIDIA GeForce, 12 GB OC GDDR6X, DLSS 3, Ray Tracing;R$ 4.199,99;10x de R$ 471,90
Placa de Video RTX 4060 TI White Dual Palit NVIDIA GeForce, 8GB GDDR6, DLSS, Ray Tracing, G-Sync - NE6406T019P1-1048L;R$ 2.699,99;10x de R$ 317,64
Placa de Vídeo RTX 4090 ROG Strix Asus NVIDIA GeForce, 24 GB GDDR6X, ARGB, DLSS, Ray Tracing - ROG-STRIX-RTX4090-24G-GAMING;R$ 13.299,99;10x de R$ 1564,70
Suporte Placa De Vídeo, 50-80mm, Vertical, Rosqueável, Preto, Coolmoon GH-80;R$ 37,86;1x de R$ 37,86
Placa de Vídeo RX 7900 XT OC Edition TUF Gaming Asus AMD, 20 GB GDDR6, ARGB - TUF-RX7900XT-O20G-GAMING;R$ 5.799,99;10x de R$ 682,35
Placa de Vídeo ASRock Intel Arc A580 Challenger 8G OC, 8GB GDDR6 - 90-GA3JZZ-00UANF;R$ 1.199,99;10x de R$ 141,17
Placa De Vídeo AMD Pcyes Radeon Rx 570, 4GB, DDR5, 128bits - Pvrx570lp4gbdf;R$ 776,95;10x de R$ 88,29
Placa de Vídeo RTX 4060 Ti WINDFORCE OC 8G Gigabyte NVIDIA GeForce, 8GB GDDR6, DLSS, Ray Tracing - GV-N406TWF2OC-8GD;R$ 2.699,99;10x de R$ 317,64
Placa de Vídeo RTX 4090 TUF 24G OG Gaming OC ASUS NVIDIA GeForce, 24GB GDDR6X, DLSS, Ray Tracing, G-Sync - 90YV0IY3-M0NA00;R$ 12.299,99;10x de R$ 1447,05
Placa De Vídeo Pcyes, Nvidia Geforce Gtx 1660 Ti 6GB, GDDR6, Dual Fan- Pvgtx1660ti6gbp;R$ 1.268,16;10x de R$ 142,49
Placa de Vídeo RTX 4060 EAGLE OC ICE Gigabyte NVIDIA GeForce, 8GB GDDR6, DLSS, Ray Tracing - GV-N4060EAGLEOC ICE-8GD;R$ 2.199,99;10x de R$ 258,82
Placa de Vídeo RTX 4080 Super Gigabyte Gaming OC NVIDIA GeForce, 16GB GDDR6, DLSS, Ray Tracing - GV-N408SGAMING OC-16GD;R$ 8.999,99;10x de R$ 927,83
Placa de Vídeo RTX 4090 ASUS ROG Strix 24G BTF Gaming OC NVIDIA GeForce, 24GB GDDR6X, RGB, DLSS, Ray Tracing - 90YV0JT0-M0NA00;R$ 12.999,99;10x de R$ 1529,41
Placa de Video RTX 4070 Super Jetstream OC Palit NVIDIA GeForce, 12GB GDDR6X, DLSS, Ray Trancing, G-Sync - NED407ST19K9-1043J;R$ 4.599,99;10x de R$ 541,17
Placa De Video Pcyes AMD Radeon R7 240, 4GB, GDDR5, 128 Bits, Single-fan, Gaming Edition - Pvr2404gbr5128;R$ 350,15;10x de R$ 39,79
Placa de Vídeo PowerColor AMD Radeon RX550, 4GB, GDDR5, 128 Bits - 4GBD5-HLE;R$ 459,90;10x de R$ 51,10
Placa de Vídeo Asus RTX 3050 OC Dual NVIDIA GeForce 6GB, GDDR6, 96 Bits - DUAL-RTX3050-6G;R$ 1.149,90;10x de R$ 114,99
Placa de Vídeo RTX 3060 PCYes NVIDIA Geforce, 12GB DDR6 192 Bit Graffiti Series Full Size - Pgs3060Fs192;R$ 1.799,99;10x de R$ 183,67
Suporte Para Placa De Vídeo Ntc H21, Preto - H21BLK;R$ 34,82;1x de R$ 34,82
Placa de Vídeo R7 250 PCYes AMD Radeon, 4GB GDDR5, 128 Bit - PJR7250X4GB;R$ 449,99;10x de R$ 52,32
Placa de Vídeo RTX 3050 Twin X2 Inno3D NVIDIA GeForce, 6GB - N30502-06D6-1711VA60;R$ 1.139,99;10x de R$ 134,11
Placa de Vídeo RTX 4080 Super Gigabyte Windforce NVIDIA GeForce, 16GB GDDR6, DLSS, Ray Tracing - GV-N408SWF3V2-16GD G10;R$ 7.499,99;10x de R$ 882,35
Placa de Video RTX 4070 Ti Super GamingPro OC Palit NVIDIA GeForce, 16GB GDDR6X, DLSS, Ray Trancing, G-Sync - NED47TSH19T2-1043A;R$ 5.879,99;10x de R$ 691,76
Suporte para Placa De Vídeo Coolmoon, LED ARGB, 5v, 3 Pinos, 280mm, Preto, Controlável;R$ 131,39;5x de R$ 27,66
Placa de Vídeo Afox NVIDIA GeForce GT240, 1024 MB, PCI Express 2.0, VGA, HDMI, DVI;R$ 177,48;7x de R$ 28,17
Placa De Vídeo RTX 4060 VENTUS 2x White Oc Msi NVIDIA Geforce, 8GB, GDDR6, DlSS, Ray Tracing - 912-v516-030;R$ 2.870,21;10x de R$ 287,02
Placa de Vídeo Afox AMD Radeon RX 550, 4GB GDDR5, 128 Bits - AFRX550-4096D5H4-V6;R$ 525,26;10x de R$ 52,52
Suporte Placa De Vídeo, 80-120mm, Vertical, Rosqueável, Preto, Coolmoon GH-120;R$ 40,71;1x de R$ 40,71
Placa De Vídeo Aitek GT210, 1GB, DDR3, VGA/HDMI, 500MHz;R$ 130,82;5x de R$ 26,16
Placa de Vídeo PCWINMAX RX 580 Gamer AMD Radeon 16GB, GDDR5, 256bits, LED, RGB, Branca;R$ 999,00;10x de R$ 106,27
Suporte Placa De Vídeo Vertical, Rosqueável 80-120mm, Prata, Coolmoon GH-120;R$ 40,71;1x de R$ 40,71
Placa de Vídeo RTX 4090 Aero OC 24G Gigabyte NVIDIA GeForce, 24GB GDDR6X, 384bits, RGB, DLSS, Ray Tracing - GV-N4090AERO OC-24GD;R$ 12.399,99;10x de R$ 1458,82
Placa De Vídeo Nvidia Duex Geforce Gt 730, 4GB, GDDR3, 128 Bits - Gt730lp-4gd3;R$ 1.093,50;10x de R$ 109,35
Placa De Vídeo Msi RTX 3050 6gb 96bits Gddr6 Low Profile Oc PCi-e - 6266 6266;R$ 1.399,74;10x de R$ 174,96
Placa de Vídeo RX 7900 XTX Taichi ASRock AMD Radeon, White 24G OC - RX7900XTX TCW 24GO;R$ 7.289,90;10x de R$ 857,63
Placa de Vídeo RTX 4070 O12G OC White NVIDIA GeForce, 12GB GDDR6X, DLSS, Ray Tracing, G-Sync - 90YV0IZ4-M0NA00;R$ 4.499,99;10x de R$ 529,41
Placa de Vídeo PowerColor AMD Red Devil RX 6700XT, 12GB GDDR6, HDMI - AXRX 6700XT 12GBD6-3DHE/OC;R$ 2.286,50;10x de R$ 269,00
Placa De Video PCyes Geforce Gt 610, 2gb, GDDR3, 64-bit, Ppe610dr3lpbr;R$ 214,90;8x de R$ 26,86
Placa De Vídeo Galax RTX 4060 1-click Oc 2x, 8GB, GDDR6, 128bits - 46nsl8md8loc;R$ 2.012,93;10x de R$ 211,88
Placa de Vídeo Galax NVIDIA GeForce GT710, 2G,B DDR3, 64Bits - 71GPF4HI00GX;R$ 259,99;10x de R$ 30,58
Placa de Vídeo RTX 4080 Super X3 OC White Inno3D NVIDIA GeForce, 16GB GDDR6X, DLSS, Ray Tracing, G-Sync - N408S3-166XX-18703259;R$ 6.899,99;10x de R$ 811,76
Placa de Vídeo RTX 4060 PCYes NVIDIA GeForce, 8GB GDDR6, DLSS, Ray Tracing, G-Sync - PA40608GR6DF;R$ 1.949,99;10x de R$ 229,41
Placa de Vídeo RTX 4090 Asus TUF Gaming NVIDIA GeForce, 24 GB GDDR6X, ARGB, DLSS, Ray Tracing - TUF-RTX4090-24G-GAMING;R$ 12.399,99;10x de R$ 1441,85
Suporte P/ Placa De Vídeo Ajustável Preto Com Base Imantada Ax-b100;R$ 64,99;2x de R$ 32,49
Suporte Para Placa De Vídeo Ntc R10, Branco - R10WHT;R$ 17,95;1x de R$ 17,95
Suporte para Placa De Vídeo Coolmoon, Branco, LED ARGB 5v, 3 Pinos, 280mm, Controlável;R$ 131,48;5x de R$ 27,68
Placa De Video Brx Geforce Gtx 750, 4GB, DDR5, 128 Bits HDMI, VGA, DVI, Nvidia-gtx750-4g-640sp;R$ 469,41;10x de R$ 55,22
Placa De Vídeo Gtx 1660 Nvidia Geforce Super PCwinmax 6gb, Gddr6, 192 Bits;R$ 1.136,27;10x de R$ 113,62
Placa De Video Revenger RX 550 AMD Radeon 4GB, GDDR5, 128Bits;R$ 451,37;10x de R$ 46,53
Placa de Vídeo RTX 3060 Gainward NVIDIA GeForce, Ghost 190AU, 12GB, GDDR6, 192 Bits, Dual FAN - NE63060019K9;R$ 1.690,16;10x de R$ 211,27
Placa de Vídeo RTX 4060 Ti GAMING X 8G MSI NVIDIA GeForce, 8 GB GDDR6, DLSS, Ray Tracing;R$ 2.989,99;10x de R$ 351,76
Placa de Vídeo RTX 4090 Gaming Slim MSI NVIDIA GeForce, 24GB GDDR6X - 912-V510-400;R$ 12.699,99;10x de R$ 1411,11
Placa de Vídeo Intel Arc A770 Phantom Gaming AsRock, 16GB GDDR6, RGB, Polychrome SYNC - 90-GA4KZZ-00UANF;R$ 2.449,99;10x de R$ 288,23
Cabo Extensor Thermaltake TT Gaming Riser, 20cm, Cable PCI-E 3.0, Preto - AC053CN1OTNC1.;R$ 282,77;10x de R$ 33,26
Placa De Video Worldpc Rx 580 Gamer Amd Radeon 8GB, GDDR5, 256bits, HDMI;R$ 839,00;10x de R$ 88,31
Placa De Vídeo Duex Geforce Gtx 750 Ti, 4gb, GDDR5, 128 Bits - Dx Gtx750ti-4gd5;R$ 542,62;10x de R$ 63,83
Placa De Vídeo Zotac NVIDIA Geforce RTX 4060 Twin Edge Oc, 8GB, GDDR6, 128 Bits, HDMI E Displayport - Zt-d40600h-10m;R$ 2.064,45;10x de R$ 212,83
Placa de Vídeo Asus NVIDIA GeForce RTX 3060, 12GB GDDR6, LHR, 192 Bits - DUAL-RTX3060-O12G-V2;R$ 2.530,16;10x de R$ 301,20
Placa De Vídeo RTX 4070 TI Ventus 3x Trio Oc, MSI Nvidia, 12GB, DDR6, 192 Bits - 912-V513001;R$ 6.881,91;10x de R$ 688,19
Placa de Vídeo Revenger Nvidia GeForce GT730, 4GB DDR3, PCIe;R$ 333,90;10x de R$ 37,10
Placa de Vídeo Galax RTX 4070TI NVIDIA GeForce Super EX Gamer 16GB, GDDR6X, TecLab Lite Click OC, DLSS3 G-Sync - 47UZM6MD7JDL;R$ 6.515,10;10x de R$ 723,90
Placa de Vídeo Duex GTX 1050 TI, NVIDIA GeForce, 4GB, GDDR5, 128 Bits - DX GTX1050TI-4GD5;R$ 866,77;10x de R$ 97,39
Placa De Video Star 4GB Hd7670, 128bits, DDR5, Low Profile, Hd7670-graphic;R$ 380,41;10x de R$ 42,26
Placa De Vídeo Gamer Nvidia Geforce Gtx750ti 4gb GDDR5;R$ 610,42;10x de R$ 61,04
Suporte Para Placa De Vídeo Ntc R15, Branco - R15WHT;R$ 23,65;1x de R$ 23,65
Placa De Video 4gb R7 240 Ddr5 128bits Vga/hdmi/dvi Pj7r240dr5 Pcyes;R$ 399,46;10x de R$ 46,99
Placa de Vídeo Intel Arc A750 Challenger D ASRock, 8 GB GDDR6 - 90-GA3HZZ-00UANF;R$ 1.529,98;10x de R$ 179,99
Placa de Vídeo NVIDIA Gigabyte GeForce RTX 4090 Gaming OC, 24GB, GDDR6X, DLSS Ray Tracing - GV-N4090GAMING OC-24GD;R$ 11.699,90;10x de R$ 1271,72
Placa De Vídeo RTX 3050 Ventus 2x Xs 8G Oc Msi GeForce, 8GB GDDR6, 128 Bits - 912-V809-4266;R$ 1.579,99;10x de R$ 175,55
Suporte Vertical Gpu Placa De Video Bracket PCi-e 4.0 16x;R$ 604,11;10x de R$ 63,59
Placa de Vídeo Nvidia Duex GT730, 4GB, DDR3, 128 Bits, Low Profile, HDMI, DVI, VGA - GT730LP-4GD3;R$ 344,95;10x de R$ 35,19
Placa Vídeo Nvidia Gaming Geforce Gt730 2gb Ddr3 PCi Express;R$ 278,17;10x de R$ 27,81
Placa De Vídeo GTX 1650 Nb Colorful Geforce Nvidia, 4GB, GDDR6, V3-V;R$ 1.199,00;10x de R$ 119,90
Placa de Vídeo Afox AMD Radeon RX 560, 4GB GDDR5, 128 Bits - AFRX560-4096D5H4-V2;R$ 1.455,85;10x de R$ 173,31
Placa De Video Vxpro 4gb Nvidia Gt 730 Ddr3 Low Profile Gt730lp-4gd3-c;R$ 274,03;10x de R$ 30,79
Placa De Vídeo Gigabyte RTX 4090 Windforce V2N NVIDIA GeForce 24GB, GDDR6X, 384-Bit - GV-N4090WF3V2-24GD;R$ 11.789,90;10x de R$ 1178,99
Placa De Vídeo Geforce Gt 710 PCyes Nvidia, 2GB, DDR3, 64 Bits - Pvgt7102gb;R$ 213,51;9x de R$ 26,65
Placa de Vídeo RTX 4000 PNY NVIDIA Quadro Ada SFF, 20GB GDDR6, 160bits - VCNRTX4000ADALP-PB;R$ 9.699,99;10x de R$ 1141,17
Placa de Vídeo RTX 4080 XLR8 Gaming Verto Epic-x RGB PNY NVIDIA GeForce, 16 GB GDDR6X, DLSS, Ray Tracing - VCG408016TFXXPB1-O;R$ 6.999,99;10x de R$ 823,52
Placa de Vídeo RX 7900 XTX Magnetic Air Gaming Graphics Card with XFX Mercury AMD Radeon, 24GB GDDR6, Freesync - RX-79XMAIRB9;R$ 6.999,99;10x de R$ 823,52
Placa de Vídeo Galax NVIDIA GeForce GTX 1660, 6GB GDDR5, 1-Click OC - 60SRH7DSY91C;R$ 2.556,89;10x de R$ 255,68
Placa de Vídeo Quadro RTX A5000 PNY Nvidia, 24GB GDDR6, Ray Tracing - VCNRTXA5000-PB;R$ 15.999,99;10x de R$ 1882,35
Placa de Vídeo PCyes GeForce GTX 750 Ti, 4GB, GDDR5, 128bits, Dual Fan - Pa750tir5dffs;R$ 749,99;10x de R$ 74,99
Placa de Vídeo AMD Radeon RX 550, 2GB GDDR5, 128 Bits - AMD 2GBD5-HLEV2;R$ 1.255,75;10x de R$ 125,57
Placa De Vídeo RTX 4060 Gaming OC, Gigabyte Nvidia Geforce, 8GB, GDDR6, DLSS, Ray Tracing, Reflex, Studio, GV-N4060;R$ 3.473,90;10x de R$ 347,39
Placa de Vídeo PCYES, AMD RX550, 4GB RAM, Open GL 4.6, DP+HDMI+DVI, Windows e Linux;R$ 854,05;10x de R$ 89,90
Placa de Video RTX 4090 Gamerock OC Palit NVIDIA GeForce, 24GB GDDR6X, DLSS, Ray Tracing, G-Sync - NED4090S19SB-1020G;R$ 11.999,99;10x de R$ 1411,76
Placa de Vídeo RTX 5000 Ada PNY NVIDIA Quadro , 32GB GDDR6, 256bits - VCNRTX5000ADA-PB;R$ 28.899,99;10x de R$ 3360,46
Placa de Vídeo Gaming PULSE AMD Radeon RX 7600, 8GB GDDR6 - 11324-01-20G;R$ 1.899,99;10x de R$ 223,52
Placa de Vídeo MSI GeForce RTX 4060 Gaming X, 8GB, GDDR6, 128 Bits - 912-V516-079;R$ 2.159,90;10x de R$ 215,99
Placa De Vídeo Keepdata Geforce GT 730, 2GB, DDR3 - Low Profile Kdgt730-2gd3/128b;R$ 427,86;10x de R$ 42,78
Placa De Video Amd Radeon Rx580 8GB 256bits GDDR5 HDMI Preta;R$ 859,00;10x de R$ 89,47
Placa De Vídeo RTX 3060 Zotac Nvidia Geforce, 12GB, GDDR6, 192 Bits - A30600p-10m;R$ 2.031,73;10x de R$ 253,96
Placa De Vídeo Xfx AMD Radeon Rx 580, 8GB GDDR5, 256bits - Rx-580p8dfd6;R$ 1.399,95;10x de R$ 139,99
Placa de Vídeo PCYes AMD Radeon RX 550, 4GB, PCI Express, Freesync - PJRX550DR5128B;R$ 1.599,20;10x de R$ 199,90
Placa de Vídeo PNY Quadro A2000 RTX A2000 NVIDIA GeForce 12GB , GDDR6 192bits - Vcnrtxa200012GB-pb;R$ 5.554,26;10x de R$ 555,42
Placa de Vídeo Power Color Fighter AMD Radeon AXRX 6600, 8GB, GDDR6 - 8GBD6-3DH;R$ 2.220,90;10x de R$ 222,09
Placa De Video Bluecase 4gb Rx 550 Ddr5 128bits - Dp/hdmi/dvi;R$ 555,80;10x de R$ 55,58
Cabo Adaptador Energia 6pin Para 8pin Pci-e Extensor Divisor, Conector Splitter, Adaptador Y, Amarelo - Placa De Vídeo;R$ 23,90;1x de R$ 23,90
Placa De Vídeo Revenger Geforce 4gb Ddr5 128 Bits;R$ 642,11;10x de R$ 64,21
Placa de Vídeo PCYes NVIDIA GeForce GT 740, 4GB DDR5, 128 Bits - PA740GT12804D5FZ;R$ 415,86;10x de R$ 51,98
Placa de Vídeo Asus NVIDIA GeForce GTX1650, 4GB DDR6, Displayport, DVI, HDMI - 90YV0EZ0-M0NA00;R$ 1.362,21;10x de R$ 146,47
Placa de Vídeo Afox NVIDIA GeForce GT210, 1GB DDR3, 64 Bits;R$ 152,99;6x de R$ 28,33
Placa de Vídeo Afox NVIDIA GeForce GT740, 4GB GDDR5, 128 Bits, HDMI, DVI, VGA - AF740-4096D5H2-V2;R$ 466,57;10x de R$ 55,54
Placa De Vídeo Pcyes Nvidia Geforce G 210, 1GB, DDR3, 64Bits - Pvg2101gbr364lp;R$ 248,90;9x de R$ 27,65
Placa De Vídeo BRX, AMD RX 580, 8GB, GDDR5, 256Bit, VGA;R$ 944,46;10x de R$ 104,94
Placa de Vídeo Asus NVIDIA GeForce GTX 1650 TUF, 4GB GDDR6, 2 FANs;R$ 2.149,90;10x de R$ 214,99
Placa De Vídeo Gt730, GDDR3, 4GB, VGA, HD, Dvi, 128 Bits, 700mhz;R$ 294,41;10x de R$ 29,44
Placa de Vídeo Knup NVIDIA GeForce GT730, 2GB DDR3, 128 Bits, VGA/HDMI/DVI - KP-GT730/AB;R$ 565,24;10x de R$ 66,49
Placa de Vídeo Galax, NVIDIA GeForce RTX 3050 V2, 8GB GDDR6, LHR, 1-Click OC, DLSS, Ray Tracing - 35NSL8MD5YBP;R$ 1.949,00;10x de R$ 194,90
Placa de Vídeo RTX 4090 Suprim Liquid X MSI NVIDIA Geforce, 24 GB GDDR6X, DLSS, Ray Tracing - Geforce RTX 4090 SUPRIM LIQUID X 24G;R$ 13.499,99;10x de R$ 1588,23
Placa de Vídeo Afox NVIDIA GeForce GTX750TI, 2GB GDDR5, 128 Bits, HDMI/DVI/VGA - AF750TI-2048D5H5-V2;R$ 614,14;10x de R$ 68,23
Placa De Vídeo Gtx 1650 Inno3d NVIDIA GeForce 4GB GDDR6, Twin X2 Oc V3, 128-bit;R$ 832,90;10x de R$ 83,29
Placa de Vídeo RX 7900 XT Phantom Gaming ASRock AMD, 20 GB GDDR6, ARGB - 90-GA3XZZ-00UANF;R$ 5.999,99;10x de R$ 705,88
Placa De Video Rx 580 Revenger 8GB AMD-GDDR5;R$ 785,00;10x de R$ 78,50
Placa de Vídeo MSI NVIDIA GeForce GTX 1650 D6 Ventus OCV1, 4GB, GDDR6 - 912-V809-3616;R$ 1.035,00;10x de R$ 103,50
Gpu Nv RTX3050 6gb Gddr6 Pegasus 96bits Gainward Ne63050018je-1070e;R$ 1.394,13;10x de R$ 174,26
Placa De Vídeo Nvidia Geforce Rtx 4070 Gigabyte Eagle, 12gb, Gddr6x, 192bits Gv-n4070eagle Oc-12gd;R$ 5.089,90;10x de R$ 565,54
Placa De Video PCyes Geforce Gtx 1660 Ti 6gb Gddr6 Branco;R$ 2.519,88;10x de R$ 251,98
Placa de Vídeo Dex AMD R7 240, 2GB DDR5, 128 Bits, VGA/DVI/HDMI - PV-04A;R$ 477,00;10x de R$ 53,00
Placa de Vídeo Gpu Radeon Rx 5700 Xt 8GB Jieshuo;R$ 1.940,00;10x de R$ 200,00
Placa de Vídeo Asrock Radeon RX 7600 XT Challenger, 16GB OC GDDR6, 128-bits - 90-GA4YZZ-00UANF;R$ 3.389,40;10x de R$ 338,94
Placa De Vídeo RTX 3090 Msi Gaming, 24GB, GDDR6, 384Bits;R$ 6.899,90;10x de R$ 766,65
Placa De Video Gamer Nvidia Gtx 1060 6gb 192bits GDDR5 HDMI;R$ 1.379,00;10x de R$ 137,90
Placa De Video Nvidia Geforce Gt 730 4gb 128bits GDDR3 HDMI;R$ 379,00;10x de R$ 37,90
Placa de Vídeo GT740 Keepdata, 2GB, DDR5, VGA, 128bit - Kdgt740-2gd5/b;R$ 477,90;10x de R$ 53,10
Gt 1030 2GB 64bits Pcwinmax Gt1030-2gd5 DDR5;R$ 460,67;10x de R$ 51,18
Placa De Vídeo RTX 4060 Windforce Oc Gigabyte NVIDIA Geforce, 8GB, GDDR6, Dlss, Ray Tracing, Gv-N4060wf2oc-8gd;R$ 3.283,90;10x de R$ 328,39
Suporte Para Placa De Vídeo Ntc H21, Branco - H21WHT;R$ 36,96;1x de R$ 36,95
Placa De Video Zotac Gaming, GeForce RTX 4060TI, 8GB GDDR6, 128-BIT, Twin Edge - ZT-D40610E-10M;R$ 3.546,77;10x de R$ 422,23
Placa de Vídeo GTX 1660 Super NB V2-V Colorful, GeForce NVIDIA, 6GB, GDDR6, 192 Bits;R$ 4.499,99;10x de R$ 449,99
Placa De Vídeo Duex Geforce Gt 210, 1gb Ddr3, 64 Bits, Low Profile, HDMI/dvi/vga - G210lp-1gd3;R$ 123,96;5x de R$ 29,16
Placa de Vídeo PNY NVIDIA GeForce Quadro T1000, 8GB GDDR6 - VCNT10008GB-PB;R$ 4.038,00;10x de R$ 403,80
Placa De Vídeo RTX 4060 TI Gaming X Slim, Msi Nvidia, 16GB, GDDR6, 128Bits, White - 912-V517-001;R$ 4.636,17;10x de R$ 463,61
Placa De Vídeo Nvidia Duex Geforce GT 610, 1GB, GDDR3, 64 Bits;R$ 156,80;6x de R$ 27,50
Placa De Vídeo Rtx 4090, 24GB, GDDR6x, 384bits Gaming Slim Msi - 912-v510-262;R$ 11.899,90;10x de R$ 1189,99
Placa De Vídeo Afox AMD Radeon R5 230, 1GB, DDR3 - AFR5230-1024D3L9-V2;R$ 157,44;7x de R$ 25,27
Placa de Vídeo Galax NVIDIA GeForce RTX 3090 GF, 24GB GDDR, 1-Click OC, 384 Bits, DP, HDMI - 39NSM5MD1GNA;R$ 18.868,00;10x de R$ 2120,00
Placa De Video G210, 1GB, DDR3 64 Bit - EGAN2101D3/64-IP;R$ 190,90;7x de R$ 27,27
Placa De Vídeo RX 6750 XT Mech 2x 12G V1 Radeon, 12GB, GDDR6, Freesync, Dual Fan;R$ 6.299,20;10x de R$ 699,91
Placa De Vídeo Keepdata 2GB, Geforce Gt610, DDR3 - Low Profile Kdgt610-2gd3/64b;R$ 345,67;10x de R$ 34,56
Placa de Vídeo PCYes NVIDIA GeForce GTX 1650 Super, 4GB GDDR6, 128 Bits;R$ 1.477,47;10x de R$ 147,74
Placa De Vídeo Geforce RTX 3060 Twin Edge Zotac Gaming Geforce, 12gb Gddr6, 15 Gbps, Ray Tracing -zt-a30600-10m;R$ 2.397,16;10x de R$ 239,71
Placa De Video Soyo Monarch Dragon Amd Rx580 8GB GDDR5 256bit PCi3.0;R$ 899,00;10x de R$ 89,90
Placa De Video Brx Geforce Gt 610, 2GB, DDR3, 64 Bits HDMI, VGA, DVI;R$ 163,53;7x de R$ 27,48
Placa de Vídeo Asus AMD, 12GB GDDR6 - TUF-RX6700XT-O12G-GAMING;R$ 10.507,27;10x de R$ 1050,72
Placa De Vídeo Asus Nvidia Geforce RTX 4060, Dual White Oc, 8GB, GDDR6, 128 Bits - Dual-Rtx4060-O8g;R$ 2.897,87;10x de R$ 289,78
Placa de Vídeo DEX NVIDIA GeForce GTX550TI, 1GB DDR5, 128 Bits, VGA/DVI/HDMI - PV-05;R$ 441,23;10x de R$ 49,02
Placa de Vídeo Afox NVIDIA GeForce GTX750, 2GB GDDR5, 128 Bits, HDMI, DVI, VGA - AF750-2048D5L4;R$ 838,32;10x de R$ 83,83
Acessório Lian Li Cabo PCI-E, 4.0, X16, Riser, Preto;R$ 744,90;10x de R$ 74,48
Placa de Vídeo Afox AMD Radeon R5 220, 2GB SDDR3 - AFR5220-2048D3L5-V2;R$ 184,49;8x de R$ 25,62
Placa de Vídeo GT210 Keepdata, 1GB, DDR3, VGA, 64bit - Kdgt210-1gd3/6b;R$ 185,00;7x de R$ 26,42
Placa de vídeo AMD Radeon RX 550 4GB, GDDR5 128bits, Pcwinmax Rx550-4gdsgddr5;R$ 627,19;10x de R$ 63,99
Placa De Vídeo RTX 3050 Ventus 2X OC MSI NVIDIA GeForce, 8GB, GDDR6, 128 Bits;R$ 2.059,95;10x de R$ 205,99
Placa De Vídeo Galax RTX 4070 1-click Oc 3x, 12GB, GDDR6x, 192bits - 47nom7md7qoc;R$ 4.309,99;10x de R$ 507,05
Placa De Vídeo Sapphire Multi Radeon RX 6500 Xt Gaming Oc, 4GB, GDDR6, Fsr, Ray Tracing - Preto;R$ 1.388,24;10x de R$ 163,32
Placa Mãe Micro Atx Ddr4 HDMI Áudio Alta Definição LGA 1151 M.2;R$ 345,27;10x de R$ 34,52
Placa De Vídeo Gigabyte Nvidia, Geforce RTX 4070 Ti (12GB / Pci-e) Gig;R$ 9.727,90;10x de R$ 972,79
Placa De Vídeo RTX3060 8GB Twin X2 G6 128bits Inno3d - N30602-08d6-11902130;R$ 2.274,52;10x de R$ 227,45
Placa De Vídeo Afox, Nvidia Geforce GTX 750 4GB GDDR5 128 Bits, Single Fan, DVI, VGA, HDMI - Af750-4096d5h6;R$ 548,79;10x de R$ 55,99
Placa de Vídeo Colorful NVIDIA GeForce RTX 3060 Mini Igame, 192 Bits;R$ 2.339,00;10x de R$ 259,88
Placa de Vídeo Palit NVIDIA GeForce RTX 3060 Dual, 12GB GDDR6, LHR, 192 Bits, DLSS, Ray Tracing - NE63060019K9-190A;R$ 2.059,90;10x de R$ 205,99
Placa de Vídeo Galax NVIDIA GeForce RTX 3070 EX OC, 8GB, 256 Bits;R$ 4.684,58;10x de R$ 468,45
Placa De Vídeo Rtx 4070 Ti Super Ex Galax Nvidia Geforce, 16GB, GDDR6X - 47UZM6MD9BUP;R$ 8.505,84;10x de R$ 850,58
Gt 1030 2GB 64bits Pcwinmax Gt1030-2gd4 DDR4;R$ 453,74;10x de R$ 50,41
Placa De Video Asus Radeon, Rx 7600, V2 Oc Edition, 8GB, GDDR6;R$ 2.380,00;10x de R$ 238,00
Placa de Vídeo Colorful NVIDIA GeForce GTX 1630, 4GB GDDR6 - NB 4GD6-V;R$ 1.319,90;10x de R$ 131,99
Placa de vídeo Radeon Rx 550, 4GB, 128bits, Pcwinmax GDDR5 - Rx550-4gd5;R$ 512,15;10x de R$ 56,90
Placa de Vídeo Galax NVIDIA GeForce GTX 1050 TI, 4GB GDDR5, 1Click OC Dual, 128 Bits - 50IQH8DSQ3CC;R$ 1.693,67;10x de R$ 190,30
Placa de Vídeo Duex NVIDIA GeForce G 210, 1GB DDR3 - G210LP-1GD3;R$ 129,99;5x de R$ 25,99
Suporte Placa De Vídeo Coolmoon, Argb, Controlável, 5v, 3 Pin;R$ 128,45;5x de R$ 25,69
Placa de Vídeo GT 730 Nvidia GeForce PCyes, 4GB, GDDR5, 64 BITS - PVGT7304GB;R$ 418,90;10x de R$ 41,89
Placa De Video Galax RTX 4070 Super, 12GB, GDDR6X, 192-bit - 47SOM7MD9PSU;R$ 4.799,00;10x de R$ 505,15
Placa de Vídeo ASRock AMD Radeon, RX 6600 CLD 8G, 8GB, GDDR6, 128 Bits - 90-GA2RZZ-00UANF;R$ 1.990,00;10x de R$ 199,00
Placa De Vídeo Zotac, RTX 3050, 6GB, Lp Gddr6, 96bits - Zt-a30510l-10l;R$ 1.453,78;10x de R$ 181,72
Placa De Video Bluecase 4gb Rx 560 Ddr5 128bits - Dp/hdmi/dvi;R$ 605,00;10x de R$ 60,50
Placa De Vídeo RTX 4060 TI Ventus 3x Oc, Msi Nvidia, 8GB, GDDR6 - 912-v515-040;R$ 3.102,42;10x de R$ 387,80
Placa de Vídeo Palit NVIDIA GeForce RTX 3050 Dual, 8GB GDDR6, LHR, DLSS, Ray Tracing - NE63050019P1;R$ 3.798,33;10x de R$ 452,18
Placa De Video Nvidia Geforce Gt 1030 2Gb Gddr5 64bit, Single Fan Low Profile - Pa1030gtg5lp;R$ 565,23;10x de R$ 66,49
Placa De Vídeo RTX 4060 EAGLE OC Gigabyte Nvidia Geforce, 8GB, GDDR6, 128 BITs, DISS, Ray Tracing - GV-N4060EAGLE;R$ 3.366,90;10x de R$ 336,69
Placa De Video Rx550 4gb Full Size Rx550-4gd5 Duex;R$ 499,99;10x de R$ 49,99
Extensor Placa Riser Knup Kp-pl906, Pci-e 009s, Cabo USB 3.0 Vermelho;R$ 60,32;2x de R$ 30,16
Placa de Vídeo PNY NVIDIA GeForce, RTXA2000 - VCNRTXA2000-PB I;R$ 4.225,53;10x de R$ 422,55
Placa De Vídeo Sapphire Multi Amd Radeon Rx 7700 Xt, 12Gb, Gddr6, Fsr, Ray Tracing, 11335-04-20g;R$ 4.347,00;10x de R$ 434,70
Placa De Vídeo PCyes RTX 2060 6GB, GDDR6, 192-BITS, 1X DP, 1X HDMI, 1X DVI-D - PVRTX20606GB;R$ 1.807,45;10x de R$ 180,74
Placa De Vídeo Keepdata Geforce Gtx960 4gb Ddr5 PCi-express;R$ 1.224,00;10x de R$ 136,00
Kit Suporte Vertical Gpu Nzxt - Branco - Ab-rh175-w1;R$ 972,90;10x de R$ 97,29
Placa De Vídeo Pcyes Nvidia, Geforce GTX 750 Ti, GDDR5 2GB, 128bits, Dual Fan - Pj750tir5df 3568;R$ 579,90;10x de R$ 57,98
Placa de Vídeo XFX AMD Radeon RX 580 GTS XXX OC, 8GB GDDR5 - RX-580P8DFD6;R$ 1.637,90;10x de R$ 163,79
Placa de Vídeo PCYes AMD Radeon R5 230, 2GB DDR3, 64 Bits - PA230DR364LP;R$ 255,77;10x de R$ 26,09
Placa De Vídeo Pcyes Geforce GTX 750 Ti, 2GB, GDDR5, 128 Bits, Dual Fan, Pj750tir5df;R$ 559,84;10x de R$ 65,86
Placa de Vídeo Galax, NVIDIA GeForce GTX 1650 EX, 4GB GDDR6, 1 Click OC, 192 Bits, DVI, HDMI, E Displayport - 65SQL8DS66E6;R$ 1.369,90;10x de R$ 136,99
Placa de vídeo Galax NVIDIA GeForce RTX 4070 TI Super SG, 16GB, GDDR6X, DLSS Ray Tracing - 47UZM6MD6MER;R$ 6.723,00;10x de R$ 747,00
Placa De Vídeo Gigabyte Nvidia Geforce RTX 4070 Ti, Eagle Oc, 12GB GDDR6x, 192bits, Gv-n407teagle;R$ 9.292,90;10x de R$ 929,29
Placa de Vídeo MSI GeForce RTX 4070 Super Ventus 2X OC White, 12GB, GDDR6X, 192 Bits - 912-V513-642;R$ 5.674,47;10x de R$ 567,44
Placa de Vídeo GT 740 Duex NVIDIA GeForce, 4GB, GDDR3, 64 Bits Low Profile - GT740LP-4GD3-A;R$ 372,83;10x de R$ 39,24
Placa de Vídeo Asus Dual NVIDIA GeForce RTX 4060 TI EVO OC, 8GB, GDDR6, 128 Bits - DUAL-RTX4060TI-O8G-EVO;R$ 3.817,15;10x de R$ 454,42
Placa de Vídeo Afox NVIDIA GeForce GT730, 2GB DDR3, HDMI/DVI/VGA;R$ 463,90;10x de R$ 46,39
Placa de Ví­deo MSI NVIDIA GeForce RTX 2060, 6GB GDDR6, Ventus GP OC - 912-V375-808;R$ 2.496,36;10x de R$ 249,63
Placa De Video Bluecase 4gb Gt740 Ddr5 128bits - Dvi/hdmi/vga;R$ 439,00;10x de R$ 43,90
Placa De Vídeo Pny Nvidia, Quadro RTX A4500, 20GB, GDDR6 - Vcnrtxa4500-Pb;R$ 11.824,07;10x de R$ 1182,40
Placa De Vídeo Pcyes Nvidia Geforce Gtx 1050 Ti, 4 GB Gddr5, 128bits, Dual Fan, Graffiti Series;R$ 1.119,90;10x de R$ 111,99
Placa de Vídeo Afox NVIDIA GeForce GT420, 2GB DDR3 - AF420-2048D3L2;R$ 323,99;10x de R$ 35,99
Placa De Vídeo Zotac Trinity Nvidia, Rtx 4070 Ti Super, 16GB, G6x, 256bits, Oc;R$ 8.580,91;10x de R$ 858,09
Placa de Vídeo Zotac NVIDIA GeForce RTX 3060 Twin Edge, 12GB GDDR6 - ZT-A30600E-10M;R$ 2.382,53;10x de R$ 283,63
Placa de Vídeo Afox NVIDIA GeForce GT730, 4GB DDR3, 128 Bits, HDMI, DVI, VGA - AF730-4096D3L6;R$ 449,99;10x de R$ 44,99
Placa de Vídeo PCYes NVIDIA GeForce G210, 1GB DDR3, HDMI/VGA/DVI - PA210G6401D3LP;R$ 279,00;10x de R$ 27,90
Placa de Vídeo Gigabyte NVIDIA GeForce RTX 2060 D6, 6GB GDDR6, 192 Bits;R$ 4.419,79;10x de R$ 450,99
Placa de Vídeo Challenger ASRock, AMD Radeon RX 7600, 8GB, GDDR6, 128 Bits - 90-GA41ZZ-00UANF;R$ 2.299,00;10x de R$ 229,90
Placa de Vídeo MSI NVIDIA GeForce GTX 1050 TI 4GT OC, 4GB, Até 3 Monitores - 912-V809-2272;R$ 1.168,27;10x de R$ 116,82
Placa De Vídeo Msi, Nvidia, Geforce RTX 4080, 16GB, 256 Bit, GDDR6x;R$ 8.162,45;10x de R$ 841,49
Placa De Vídeo Rtx 4070 12gb Super Ghost 192bits Gainward - Ned407s019k9-1043b;R$ 5.635,98;10x de R$ 626,22
Placa De Vídeo Zotac Nvidia RTX 4060, Spider-Man, 8GB, 128bits, Oc;R$ 2.839,91;10x de R$ 338,08
Placa De Vídeo BRX AMD R5 240, 2GB, GDDR 3, 128Bit;R$ 269,90;10x de R$ 26,99
Placa de Vídeo Afox NVIDIA GeForce GT210, 1GB DDR3 - AF210-1024D3L8;R$ 204,00;9x de R$ 26,66
Placa de Vídeo Duex NVIDIA GeForce GTX 750TI, 2GB DDR5 - GTX750TI-2GD5;R$ 642,01;10x de R$ 67,58
Placa De Vídeo Galax RTX 4060 Geforce, 8GB, GDDR6, 128 Bits, Ray Tracing - 46nsl8md8zoc;R$ 2.339,91;10x de R$ 259,99
Placa De Vídeo Rtx 4070ti 16GB, Super 256 Bits, Gddr6x Ventus 2x Oc - 912-v513-628;R$ 8.484,30;10x de R$ 1010,03
Placa de Vídeo Gigabyte NVIDIA GeForce RTX 3050 Eagle, 8GB GDDR6, DLSS, Ray Tracing - GV-N3050EAGLE-8GD;R$ 3.369,90;10x de R$ 336,99
Placa De Vídeo Asus Geforce, Rtx 4060, Proart Oc 8g, GDDR6 128 Bits - Proart-rtx4060-o8g;R$ 3.110,02;10x de R$ 370,24
Placa De Vídeo Gainward, Nvidia RTX 3050, 8GB, GDDR6, 128bits, Pegasus Series - Ne63050018p1-1070e;R$ 1.697,90;10x de R$ 169,79
Placa de Vídeo Duex AMD Radeon RX550, 4GB GDDR5, 128 Bits, HDMI/DVI/DISPLAYPORT - DX RX550-4GB;R$ 517,89;10x de R$ 58,19
Placa de Vídeo Galax NVIDIA GeForce RTX 3050 EX OC, 8GB GDDR6, LHR, 1-Click, 128 Bits - 35NSL8MD6YEX;R$ 1.624,90;10x de R$ 174,72
Placa de Vídeo DEX NVIDIA GeForce GTX 750TI 700 Series, 2GB DDR5 - PV-07;R$ 1.076,26;10x de R$ 113,29
Placa de Vídeo PCYes AMD Radeon 5450, 1GB DDR3, 64 Bits - PJ54506401D3LP;R$ 336,00;10x de R$ 42,00
Placa De Video Galax Geforce RTX 4060 Ti Teclab Dual (ad104) 8GB Gddr6 128 Bits - 46isl8mdaboc;R$ 3.139,83;10x de R$ 348,87
Placa De Vídeo Afox Gt610 2GB DDR3- Af610-2048d3l7-v6;R$ 252,59;10x de R$ 26,04
Placa de Vídeo Zotac NVIDIA GeForce Gaming RTX 3060 Twin Edge OC, 12GB GDDR6, 15Gbps, Ray Tracing - ZT-A30600H-10M;R$ 3.367,90;10x de R$ 336,79
Placa de Vídeo Asus NVIDIA GeForce RTX 3090 TUF Gaming, 24GB GDDR6X, 384 Bits - TUF-RTX3090-O24G-GAMING;R$ 18.180,00;10x de R$ 1818,00
Placa De Vídeo Gt730, 4GB, DDR3, 64bit;R$ 346,67;10x de R$ 34,66
Placa de Vídeo Asus NVIDIA GeForce RTX 2060, 12GB GDDR6, 128 Bits - DUAL-RTX2060-O12G-EVO;R$ 5.251,00;10x de R$ 590,00
Placa De Vídeo Colorful Nvidia Geforce GTX 1660 Super Nb Duo 6g-v, 6GB;R$ 1.399,00;10x de R$ 155,44
Placa de Vídeo Gainward NVIDIA GeForce RTX 3080 TI Phoenix G6X, 12GB, 384 Bits;R$ 7.899,56;10x de R$ 897,67
Placa de Vídeo Afox NVIDIA GeForce GT610, 2GB DDR3 - AF610-2048D3L5;R$ 345,05;10x de R$ 38,33
Placa de Vídeo PCYes NVIDIA GeForce Graffiti Series GTX 1650, 4GB GDDR6, 8Gbps - PA1650412820DR6;R$ 998,95;10x de R$ 99,89
Kit Adaptador Gpu Vertical Cooler Master Pcie 4.0 - Mca-u000r-kfvk03;R$ 685,90;10x de R$ 68,59
Placa De Vídeo Rtx 4070 12GB Super, 192 Bits, GDDR6x Ventus 2x Oc - 912-v513-641;R$ 5.549,00;10x de R$ 554,90
Placa De Vídeo Zotac Geforce Rtx 4070 Super Twin Edge Oc, 12GB, GDDR6x, 192bits - Zt-d40720h-10m;R$ 6.280,46;10x de R$ 628,04
Placa de Vídeo Gigabyte NVIDIA GeForce RTX 4070 Aero OC, 12GB, GDDR6X, 192bits, RGB, DLSS Ray Tracing - GV-N4070AERO OC-12GD;R$ 6.150,47;10x de R$ 683,38
Cabo Adaptador Energia 6pin Para 2x 6+2pin Pci-e, Extensor Divisor, Conector Splitter, Adaptador Y, Preto e Amarelo - Placa De Vídeo;R$ 29,90;1x de R$ 29,90
Placa de Vídeo Afox AMD Radeon R5 230, 1GB DDR3, Low Profile - AFR5230-1024D3L4;R$ 197,99;8x de R$ 27,49
Placa de Vídeo RTX 4060 Ti Aero OC 8G Gigabyte NVIDIA GeForce, 8GB GDDR6, 128bits, RGB, DLSS, Ray Tracing - GV-N406TAERO OC-8GD;R$ 3.959,90;10x de R$ 439,98
Placa de Vídeo Colorful NVIDIA GeForce G-C1030, 2GB DDR4, V5-VPLAC, HDMI, VGA;R$ 559,00;10x de R$ 62,11
Placa de Vídeo PCYes NVIDIA GeForce GEF RTX 2060, 6GB GDDR6, 192 Bits, Dual FAN, Full Size;R$ 1.738,79;10x de R$ 197,59
Placa De Video Pcware Gtx 550ti, 1GB, DDR5, 128bits;R$ 275,50;10x de R$ 30,61
Placa de Vídeo Gigabyte AMD Radeon RX 6500 XT Eagle, 4GB GDDR6, FSR, Ray Tracing - GV-R65XTEAGLE-4GD;R$ 1.709,10;10x de R$ 189,90
Placa De Vídeo Rtx 4060 Ghost Gainward Nvidia Geforce, 8Gb, Gddr6, 128bits, Raytracing, Dlss, Ne64060019p1-1070b;R$ 2.299,00;10x de R$ 242,00
Placa de video Gpu Rx 550, 4GB, GDDR5, 128 Bits Projeto Edge - Pvex5504gbdf;R$ 533,18;10x de R$ 66,64
Cabo Adaptador Energia Placa De Vídeo, 8pin Para 2x 6+2pin PCI-e, Extensor Divisor, Conector Splitter, Adaptador Y, Preto E Amarelo;R$ 24,90;1x de R$ 24,90
Placa de Vídeo Afox NVIDIA GeForce GT220, 1024 MB DDR3, 128 Bits, Low Profile, HDMI, DVI, VGA - AF220-1024D3L2;R$ 284,17;10x de R$ 31,57
Placa De Vídeo Asrock Radeon Rx 7900 Xt Phantom Gaming Oc, 20gb, Gddr6, 320-bit, ARGB, Branco;R$ 8.201,45;10x de R$ 976,36
Placa De Vídeo RTX 4070 Ti Msi Geforce Super Ventus 3x Oc, 16GB, GDDR6x, 256 Bits - 912-V513-627;R$ 8.231,83;10x de R$ 823,18
Placa de Vídeo Zotac NVIDIA GeForce RTX 3070 Twin Edge, 8GB GDDR6, LHR - ZT-A30700E-10PLHR;R$ 5.099,99;10x de R$ 509,99
Placa de Video PNY NVIDIA Geforce RTX 4080 XLR8 Gaming Verto Edition, 16 GB GDDR6X, RGB, DLSS, Ray Tracing - VCG408016TFXXPB1;R$ 7.519,99;10x de R$ 884,70
Placa de Vídeo MSI NVIDIA GeForce RTX 3060 Ventus 2X, 12GB OC GDDR6, 192 Bits - 912-V397-272;R$ 2.079,90;10x de R$ 231,10
Placa De Vídeo Galax RTX 4070 Geforce Super, 12GB, GDDR6x, 192-Bit, Preto;R$ 4.459,99;10x de R$ 524,70
Placa De Vídeo RTX 4060 Asus Dual O8g Evo Nvidia Geforce, 8GB, GDDR6, 128 Bits;R$ 3.200,00;10x de R$ 320,00
Placa de Vídeo Galax NVIDIA GeForce RTX 3060 OC, 8GB GDDR6, LHR, 1-Click, 192 Bits - 36NSL8MD6OCC;R$ 1.905,56;10x de R$ 207,12
Placa De Vídeo Gt610, 2GB, DDR3, 64bits;R$ 252,90;10x de R$ 25,29
Placa de Vídeo Gainward NVIDIA GeForce RTX 3070 Phoenix GS, 8GB GDDR6, RGB;R$ 7.929,37;10x de R$ 890,94
Placa De Vídeo Pny Nvidia Geforce RTX 4060 Verto, Dual Fan, 8GB, GDDR6, Dlss, Ray Tracing - Vcg40608dfxpb1;R$ 3.217,90;10x de R$ 321,79
Placa De Vídeo Storm-z, Gt730, 4GB, 128 Bits, Ddr3;R$ 316,47;10x de R$ 37,23
Kit De Suporte P/ Placa De Video Vertical Antec Com Cabo PCie Preto At-arcvb-bk190-pcie4-RTX40;R$ 585,92;10x de R$ 69,75
Placa de Vídeo Galax NVIDIA GeForce RTX 3070, 8GB RAM, LHR, 1-Click OC - 37NSL6MD2KCH;R$ 6.000,00;10x de R$ 600,00
Placa de Vídeo Asrock Radeon RX 7600 XT Steel Legend, 16GB OC GDDR6, 128-bits, 3x DP, 1x HDMI - 90-GA4ZZZ-00UANF;R$ 3.675,73;10x de R$ 437,58
Placa de Vídeo Galax NIVIDIA GeForce RTX 3070 TI, 8GB GDDR6X, LHR, 1-Click OC, 256 Bits - 37ISM6MD4COC;R$ 4.409,10;10x de R$ 489,90
Placa Mãe Micro-atx Chipset Intel Dupla M.2 Ddr3 HDMI LGA 1155;R$ 198,84;7x de R$ 28,40
Placa De Vídeo Duex Nvidia Gt210, 512MB, DDR3 64 Bits - G210lp-512md3;R$ 161,95;6x de R$ 26,99
Placa de Vídeo PCyes Radeon R5 230, 2GB, DDR3, Projeto Edge, Low Profile;R$ 170,79;7x de R$ 27,41
Placa de Vídeo Knup NVIDIA GeForce GT-210, 1GB DDR3, HDMI, 64 Bits;R$ 339,06;10x de R$ 35,69
Geforce Pny Xlr8 Verto Epic-x, RTX 4090, 24GB, GDDR6x 384bits - Vcg409024tfxxpb1;R$ 15.317,39;10x de R$ 1562,99
Placa De Vídeo Rtx 4080 16GB Super, 256 Bits, GDDR6x Ventus 3x Oc - 912-v511-233;R$ 9.615,73;10x de R$ 1144,73
Placa de Vídeo PNY NVIDIA GeForce Quadro RTX A4000, 16GB, 256 Bits;R$ 10.598,25;10x de R$ 1059,82
Placa De Vídeo Msi RTX 3050 6gb 96bits Gddr6 Low Profile Oc PCi-e - 6266 6266;R$ 1.511,91;10x de R$ 167,99
Placa De Vídeo Evolut Gt730, 4GB, DDR3, 128 Bit, HDMI;R$ 325,00;10x de R$ 38,23
Placa de Vídeo MSI RTX 4090 NVIDIA GeForce, 24GB, GDDR6X, 384 Bits, Suprim Liquid, HDMI e DP, DLSS, Ray Tracing - 912-V510-007;R$ 16.339,05;10x de R$ 1719,90
Cabo Riser Pci-e 3.0 X16 Thermaltake Premium - Ac-045-cn1otn-c1;R$ 620,70;10x de R$ 62,07
Placa de Vídeo Gainward NVIDIA GeForce GTX 1050 TI, 4GB GDDR5, 128 Bits - NE5105T018G1-1070F;R$ 1.024,90;10x de R$ 102,49
Placa De Video Gtx1650 4gb Gddr6 Pny Hdmi/dp Vcg16504d6dfppb;R$ 1.171,26;10x de R$ 137,79
Placa de Vídeo Afox NVIDIA GeForce G210, 1GB DDR2, 64 Bits, VGA/HDMI/DVI - AF210-1024D2LG2;R$ 248,31;10x de R$ 27,58
Placa De Vídeo Sapphire Multi AMD Radeon RX 7600, 8GB GDDR6 - Preto;R$ 2.280,49;10x de R$ 268,29
Placa de Vídeo Afox AMD Radeon R5 220, 2GB DDR3, 64 Bits, LP, HDMI, DVI, VGA - AFR5220-2048D3L9-V2;R$ 207,90;8x de R$ 25,98
Suporte Placa De Vídeo Infinity, LED, ARGB, Infinito 3 Pinos, 5v, Vertical, Preto;R$ 159,32;6x de R$ 27,95
Placa De Vídeo Rx580 Radeon Amd, 8GB, GDDR5, 256bit PCwinmax;R$ 972,00;10x de R$ 97,20
Suporte P/ Placa De Video, Em Gabinete, Deepcool, GH-01 A-RGB;R$ 209,47;8x de R$ 26,18
Placa De Vídeo Nvidia Gpu GT 210, 512MB, DDR3, 64bits, PCIe;R$ 129,90;5x de R$ 25,98
Placa de Vídeo Asus NVIDIA GeForce RTX 3070 O8G V2 OC, 8GB GDDR6, LHR, Dual, DLSS, Ray Tracing - 90YV0FQC-M0NA00;R$ 8.974,98;10x de R$ 897,49
Placa De Vídeo Pcyes Radeon R5 220, 2GB, GDDR3, 64 BITS, Low Profile - PVR52202GBR364;R$ 240,45;9x de R$ 26,71
Placa de Vídeo Gpu Nv Rtx3060 Pny, 8GB G6, Dual Fan 128b, Verto Pny Vcg30608dfbpb1*;R$ 4.368,90;10x de R$ 436,89
Placa de Vídeo Gigabyte AMD RX6500 XT G, 4GB GDDR6;R$ 1.540,00;10x de R$ 154,00
Placa De Vídeo Afox Nvidia GeForce GT 610, 1GB, DDR3, 64bit - AF610-1024D3L5;R$ 197,86;9x de R$ 26,17
Placa De Vídeo Pny Nvidia Quadro RTX A1000, 8GB, Gddr6, 128bits - VcnRTXa1000atx-pb;R$ 4.501,35;10x de R$ 450,13
Suporte Placa De Vídeo Infinity, Led, Argb, Infinito 3 Pinos 5v, Vertical, Branco Prateado;R$ 159,32;6x de R$ 27,95
Placa De Vídeo Galax Rtx 2060 12gb Gddr6 192 Bit;R$ 2.645,88;10x de R$ 264,58
Placa De Video Quadro 4GB Ddr6 64bit Vcnt4004GB-pb T400 Pny;R$ 1.584,85;10x de R$ 158,48
Placa de Vídeo RTX A5000 Pny Nvidia Quadro, 24GB, 384bits;R$ 17.943,30;10x de R$ 2242,91
Placa De Vídeo Zotac Gaming Geforce RTX 4060 Twin Edge Oc, 8GB, Gddr6, 128-bit, Branco;R$ 2.993,63;10x de R$ 356,38
Placa de Vídeo PNY NVIDIA GeForce Quadro Turing T1000, 4GB GDDR6, 128 Bits, DP - VCNT1000-PB;R$ 2.651,92;10x de R$ 331,49
Placa de Vídeo PCYes NVIDIA GeForce GPU R5 230, 2GB DDR3, 64 Bits, Low Profile - PJR230RLP;R$ 277,10;10x de R$ 32,60
Placa de Vídeo Galax NVIDIA GeForce GT 1030, 2GB DDR5, 64 Bits, 6008mhz - 30NPH4HVQ4ST;R$ 535,99;10x de R$ 63,05
Placa De Vídeo Powercolor Radeon RX 6500 XT, 4GB, GDDR6 Fighter 64bits - Axrx 6500xt 4gbd6-dh/oc;R$ 1.934,90;10x de R$ 193,49
Placa De Vídeo Manli, NVIDIA, Geforce RTX 3060, 12GB, GDDR6 - M-nrtx3060/6rfhpppv2-m2500;R$ 2.230,19;10x de R$ 262,37
Suporte Placa De Vídeo Coolmoon, Vertical, Branca, ARGB 5V 3 Pinos, Ajustável, LED Endereçável;R$ 122,03;5x de R$ 25,69
Placa De Vídeo Zotac Gtx1650, 4GB, GDDR6 Amp - T16520j-10l;R$ 898,87;10x de R$ 92,66
Placa de Vídeo MSI NVIDIA GeForce GT210, 1GB DDR3, 64 Bits, VGA/HDMI/DVI - N210-MD1G/D3;R$ 229,95;9x de R$ 25,54
Placa de Vídeo Galax GTX 1660 Super NVIDIA GeForce 6GB, GDDR6 - 60SRL7DSY91S;R$ 2.460,59;10x de R$ 273,39
Placa De Vídeo Nvidia Revenger Geforce Gt 705 Vga/hdmi 1gb;R$ 147,24;5x de R$ 29,44
Placa De Vídeo Nvidia Duex Geforce, Gtx 1650 Pro, T66o, 4GB, GDDR6, 128 Bits;R$ 1.089,00;10x de R$ 108,90
Suporte Argb Para Placa De Video Cooler Master - Mca-u000r-gsbtg-00;R$ 210,60;10x de R$ 25,07
Placa de Vídeo RTX 4060 Gigabyte, 8GB, 128bits, Windforce Oc;R$ 3.337,90;10x de R$ 333,79
Placa De Video Brx Geforce G210, 1GB, DDR3, 64 Bits HDMI, VGA, DVI;R$ 161,50;7x de R$ 27,14
Gpu Nv Rtx4060ti 16GB, GDDR6, 128bits Ventus 3x Oc Msi 912-v517-004;R$ 4.241,44;10x de R$ 504,93
Placa de Vídeo RX 6800XT Graffiti Series PCYes AMD, 16GB GDDR6, 256 Bits - PJRX6800GR616GBGS;R$ 3.899,99;10x de R$ 458,82
Placa de Vídeo RTX 3070 1-Click OC Galax NVIDIA GeForce, 8GB GDDR6, DLSS, LHR, Ray Tracing, Preto - 37NSL6MD2KCH;R$ 3.993,99;10x de R$ 469,88
Placa De Vídeo BRX, Nvidia GTX 1660 Super, 6GB, GDDR 6, 192Bit, VGA;R$ 2.080,53;10x de R$ 208,05
Placa de Vídeo RTX 4070 Ti ST Galax NVIDIA GeForce, 12 GB GDDR6X, DLSS 3, Ray Tracing - 47IOM7MD6TTS;R$ 6.159,99;10x de R$ 648,41
Placa De Vídeo Pcyes Nvidia Geforce GT 740, 4GB, GDDR5, 128Bits, Single Fan - Pvgt7404gbr5128;R$ 476,06;10x de R$ 53,48
Placa de Vídeo PCyes NVIDIA RTX 2060 Graffiti Series, 6GB GDDR6, Preto - PA2060RTX6GDF;R$ 1.599,99;10x de R$ 177,77
Placa de Vídeo Colorful NVIDIA GeForce RTX 3080 TI Igame, 12GB GDDR6X, LHR, Advanced OC-V, 384 Bits;R$ 7.199,00;10x de R$ 799,88
Placa de Vídeo Zotac NVIDIA GeForce GTX 1660 Super, 6GB - ZT-T16620F-10L;R$ 3.113,90;10x de R$ 311,39
Placa de Vídeo Palit Geforce GTX 1050 TI Stormx, 4GB, GDDR5, 128 Bits - NE5105T018G1-1070F;R$ 1.462,12;10x de R$ 164,28
Bloco Vga Barrow Para Rtx 3080, 3080 Ti E 3090 Aorus - Bs-gix3090-pa2;R$ 899,00;10x de R$ 89,90
Placa de Vídeo Galax NVIDIA GeForce GTX 1630, 4GB DDR6, 64 Bits;R$ 1.267,91;10x de R$ 150,94
Placa de Vídeo Colorful NVIDIA GeForce GTX 1660 TI NB Igame, 6GB GDDR6, V2-V, 192 Bits;R$ 2.429,00;10x de R$ 269,88
Suporte Para Placa De Vídeo Rise Mode Aura V1 ARGB 500mm Branco - Rm-spvg-01-aRGB-w;R$ 155,90;6x de R$ 25,98
Placa De Vídeo Xfx Speedster Qick319 Rx 7700 Xt Black Gaming 12gb Gddr6 HDMI 3xdp, Amd Rdna 3 Rx-77tqickb9.;R$ 4.453,90;10x de R$ 445,39
Placa de Vídeo RX 7600 XT AMD Challenger 16G OC, 16 GB GDDR6 - RX7600X CL 16GO;R$ 2.999,99;10x de R$ 352,94
Placa de Vídeo Quadro A800 PNY Nvidia, 40GB HBM2, 5120bits - VCNA800-PB;R$ 86.999,99;10x de R$ 10235,29
Placa de vídeo PNY Nvidia Quadro, RTX A6000, 48GB, GDDR6, 384Bits - Vcnrtxa6000-pb;R$ 52.364,19;10x de R$ 5236,41
Placa De Vídeo MSI, GPU Nvidia RTX3060 TI, 8GB, GDDR6X, Ventus 2x Oc - 912-V505-084;R$ 3.055,20;10x de R$ 305,52
Bloco VGA Barrow Para 1660ti, 2060 E 2070 Evga - Bs-nvg2070-pa;R$ 599,00;10x de R$ 59,90
Bloco Vga Barrow Para Rtx 3060ti E 3070 Asus Strix - Bs-ass3070-pa;R$ 799,00;10x de R$ 79,90
Adaptador Para Fonte De Energia Duas Fontes Em Um Pc 2psu/1pc Tx-n02-b 4pin;R$ 58,00;2x de R$ 29,00
Placa de Vídeo Bluecase NVIDIA GeForce GT 710, 2GB DDR3, 64 Bits - BP-GT710-2GD3DBX;R$ 393,45;10x de R$ 39,34
Placa De Vídeo Msi Ventus, 2x Nvidia Rtx 3060 - 12GB, 192bits;R$ 3.085,90;10x de R$ 308,59
Placa De Vídeo Rtx3090ti Ftw3 Ultra Gaming Evga, 24GB, GDDR6x, LED, ARGB - 24G-P5-4985-KR;R$ 14.800,00;10x de R$ 1480,00
Placa De Vídeo Manli Nvidia Geforce RTX 4060 Ti, 8GB, Gddr6, Dlss, Ray Tracing - Preto - Unissex - Único;R$ 2.833,24;10x de R$ 333,32
Placa De Vídeo Asus Tuf Gaming Nvidia Rtx 4090 - 24gb, G6x, 384bits, Oc;R$ 16.649,10;10x de R$ 1849,90
Placa De Vídeo Asrock Arc A770 Phantom Gaming Oc, 16gb, Gddr6, 256-bit, ARGB, Preto;R$ 3.430,90;10x de R$ 343,09
Placa De Vídeo RTX 3090 Nvidia Palit Geforce - GAMINGPRO 24GB;R$ 12.799,90;10x de R$ 1279,99
Placa De Video RTX 3050, 8GB, 128bits, GDDR6 - PCwinmax;R$ 1.880,53;10x de R$ 208,94
Placa De Video Msi Geforce RTX 4070 Ti Super Ventus 2x White Oc16gb Gddr6x 256 Bits - 912-v513-629;R$ 7.985,60;10x de R$ 798,56
Placa De Video Asus Geforce RTX 4090 24gb Gddr6x 384bit- Rog-strix-RTX4090-24g-gaming;R$ 18.102,71;10x de R$ 2155,08
Zotac Gaming Geforce RTX 4060 Ti 16gb Amp Zt-d40620f-10m;R$ 4.099,00;10x de R$ 409,90
Placa De Vídeo Para Jogos Powercolor Hellhound Amd Radeon Rx 7600.;R$ 2.804,90;10x de R$ 280,49
Placa De Vídeo Rtx 4070 12gb Super Ghost Oc 192bits Gainward - Ned407ss19k9-1043b;R$ 6.378,90;10x de R$ 637,89
Placa De Vídeo Rtx 4070ti 16gb Super Panther Oc 256b Gainward - Ned47tss19t2-1043z;R$ 8.381,60;10x de R$ 838,16
Placa De Vídeo Rtx4060ti 8gb Twin X2 Gddr6 Inno3d - N406t2-08d6-171153n;R$ 3.543,01;10x de R$ 354,30
Placa De Video Gamer Nvidia RTX 2060 6gb 192bits Gddr6 HDMI;R$ 1.585,91;10x de R$ 186,57
Placa De Vídeo Asus Geforce Gt 1030 2gb GDDR5 HDMI Dvi (gt1030-2g-csm);R$ 1.091,90;10x de R$ 109,19
Placa De Vídeo Gigabyte Geforce RTX 4060 Gaming Oc 8g, 3 Ventiladores Windforce, 8GB Gddr6 128 Bits, Gv-n4060gaming Oc-8gd.;R$ 3.504,90;10x de R$ 350,49
Asus Dual Geforce RTX™ 4060 Ti Evo Edição Oc 8GB Gddr6 (pcie 4.0, 8GB Gddr6, Dlss 3, HDMI 2.1a, Displayport 1.4a, Design De Ventil;R$ 4.367,90;10x de R$ 436,79
Gpu Nvidia Geforce RTX 3050 6gb Gddr6 96bits PCyes PvRTX30506gb;R$ 2.663,88;10x de R$ 266,38
Placa De Vídeo Para Jogos Xfx Speedster Qick308 Radeon Rx 7600 Black Com 8GB Gddr6 HDMI 3xdp, Amd Rdna 3 Rx-76pqickby.;R$ 3.130,90;10x de R$ 313,09
Placa De Vídeo Asus Phoenix Amd Radeon Rx 550 (pcie 3.0, 2gb De Memória GDDR5, HDMI, Displayport, Dvi-d, Freesync, Resistente A Poeira Ip5x, Rolamentos De Duplo Ventilador De Es;R$ 1.228,90;10x de R$ 122,89
Placa De Vídeo Gigabyte Visiontek Amd Radeon Rx 550 2 Gb GDDR5 Altura Total - 901466.;R$ 1.960,90;10x de R$ 196,09
Placa De Vídeo Powercolor Hellhound Amd Radeon Rx 7600xt 16gb Gddr6.;R$ 3.883,90;10x de R$ 388,39
Placa De Vídeo Amd Radeon 6570 Da Visiontek - 1 Gb GDDR3;R$ 694,90;10x de R$ 69,48
Placa De Video Amd Radeon Rx 560 4gb 128bits GDDR5 HDMI Gamer;R$ 699,00;10x de R$ 69,90
Placa De Video 2gb Gtx550ti Ddr5 128bit Vga/dvi/hdmi G-gtx550ti/2g Revenger;R$ 536,63;10x de R$ 59,62
Placa De Vídeo Rx550 4gb GDDR5 Vxpro;R$ 619,90;10x de R$ 61,98
Placa De Video Nvidia Tesla P100 16gb;R$ 3.999,00;10x de R$ 399,90
Placa De Vídeo Visiontek Radeon 7750 2gb GDDR5 6m (6x Minidp, 6x Minidp Para Adaptadores HDMI) - 900880.;R$ 3.609,90;10x de R$ 360,99
Placa De Vídeo Para Jogos Asus Rog Strix Geforce RTX™ 4060 Oc Edition (pcie 4.0, 8GB Gddr6, Dlss 3, HDMI 2.1a, Displayport 1.4a, Design De Ventil;R$ 4.363,90;10x de R$ 436,39
Placa De Vídeo Asus Dual Geforce Gtx 1650 4gb GDDR5, Ip5x, Tecnologia Auto-extreme, Programa De Validação De 144 Horas, HDMI 2.0, Dp 1.4.;R$ 1.782,90;10x de R$ 178,29
Placa De Vídeo Asus Proart Geforce RTX™ 4060 Oc Edition 8GB Gddr6 (pcie 4.0, 8GB Gddr6, Dlss 3, HDMI 2.1a, Displayport 1.4a);R$ 4.009,90;10x de R$ 400,99
Kit Suporte Vertical Para Placa De Vídeo Cooler Master Masteraccessory V3 Preto, Cabo De Elevação Premium PCi-e 4.0 X16-165mm, Compatível Com PCie 3.0, Comprimento Ajustável Para Gabinete E-atx|atx|;R$ 516,90;10x de R$ 51,69
Placa De Vídeo Gainward, Nvidia RTX4070, 12GB, Ghost Oc G6x, 192bits - Ned4070s19k9-1047b;R$ 5.249,99;10x de R$ 524,99
Placa De Vídeo Brx Rx580, 16gb Ddr5, 256 Bits, Dual Fan;R$ 1.287,15;10x de R$ 151,42
Placa De Video Galax Geforce RTX 4070 Teclab Dual 12gb Gddr6x 192 Bits - 47nom7mdabxv;R$ 4.399,00;10x de R$ 463,05
Placa De Vídeo Afox 8GB Geforce RTX3060ti Gddr6 - Af3060ti-8192d6h4;R$ 4.693,13;10x de R$ 469,31
Placa De Video Vx Pro Nvidia Geforce Gt610lp, 2gb, Ddr3, 64bit, Gt610lp-2gd3 *;R$ 148,49;6x de R$ 29,11
Placa De Vídeo Zotac Gaming Geforce RTX 4060 Ti Twin Edge Oc, 8GB, Gddr6, 128-bit, RGB;R$ 4.639,88;10x de R$ 463,98
Placa De Video PCwinmax Radeon Rx 550 4gb GDDR5 128bits HDMI;R$ 659,00;10x de R$ 65,90
Placa De Vídeo Pny Nvidia RTX 6000 Ada Generation, 48GB, Gddr6, 384bits - VcnRTX6000ada-pb;R$ 58.923,00;10x de R$ 7365,37
Placa De Video Gigabyte Geforce RTX 4060 Eagle Oc Ice 8g Gddr6 128 Bits- Gv-n4060eagleoc Ice-8gd;R$ 2.835,00;10x de R$ 283,50
Placa De Vídeo RTX 4060 8GB Python Ii Gddrd6 128b Gainward - Ne64060019p1-1070v;R$ 2.309,28;10x de R$ 288,65
Gpu Nv RTX4060 8GB Twin X2 Gd6 128 Bits Inno3d N40602-08d6-173051n;R$ 2.689,23;10x de R$ 268,92
Placa De Vídeo Vxpro Nvidia Geforce Gt740lp, 4gb, 128bit, Ddr3, Vxgt740lp-4gd3;R$ 276,70;10x de R$ 31,08
Placa De Video Asrock Radeon Rx 7900 Xt Phantom Gaming Oc, 20gb, Gddr6, 320-bit, Preto;R$ 7.777,15;10x de R$ 925,85
Placa De Vídeo Asrock Radeon Rx 6400 Challenger Itx, 4gb, Gddr6, 64-bit, Preto;R$ 1.349,95;10x de R$ 134,99
Placa de Vídeo XFX AMD Radeon Speedster RX, 8GB;R$ 2.432,90;10x de R$ 243,29
Placa de Vídeo RTX 4060 Ti NVIDIA GeForce Gigabyte, 8GB, 128bits, Windforce Oc;R$ 4.249,90;10x de R$ 424,98
Placa de Vídeo RTX 4060 Ti Nvidia Asus Dual, 8GB, 128bits, Branca, Oc Edition;R$ 4.371,90;10x de R$ 437,18
Placa De Video 2gb Gf Gtx750ti PCi-e PCyes 128bits Ddr5 Pa750tir5df;R$ 749,90;10x de R$ 74,98
Placa De Vídeo Gtx1650 4g Twin X2 V3 Gddr6 Inno3d - N16502-04d6x-171330n;R$ 1.030,00;10x de R$ 103,00
Placa De Vídeo RTX 4060 Ti 8GB Gddrd6 128b Ghost Gainward - Ne6406t019p1-1060b;R$ 3.736,13;10x de R$ 373,61
Placa De Vídeo RTX3050 6gb Twin X2 Gddr6 96 Bits Inno3d - N30502-06d6-1711va60;R$ 1.584,61;10x de R$ 158,46
Placa De Vídeo Powercolor Fighter Amd Radeon Rx 7600xt 16gb Gddr6.;R$ 3.677,90;10x de R$ 367,79
Placa De Vídeo Pny Geforce RTX 4060 Ti 8GB Verto Oc Dual Fan Dlss 3 (128-bit, PCie 4.0, Gddr6, HDMI/displayport, Suporta 4k, 2 Slots);R$ 4.096,90;10x de R$ 409,68
Placa De Vídeo Rx550 2gb GDDR5 Vxpro;R$ 579,90;10x de R$ 57,98
Placa De Captura ELGA to Game Capture Hd60 S Usb 3.0;R$ 2.900,00;10x de R$ 290,00
Placa De Video Vxpro 2gb Nvidia Gt 730 Ddr3 Low Profile Vxgt730lp-2gd3-a;R$ 244,66;10x de R$ 27,49
Placa De Vídeo Powercolor Amd Rx 6500xt Itx - 4gb, 64bits;R$ 1.924,90;10x de R$ 192,49
Geforce RTX 4080 Super 16gb Gddr6x 256bits - Palit Jetstream Oc - Ned408ss19t2;R$ 9.221,79;10x de R$ 940,99
Placa De Vídeo Visiontek Radeon 7750 2gb GDDR5 Para 6 Monitores 4k, 6 Saídas Mini Displayport, Amd Eyefinity 2.0, Placa De Vídeo PCi Express 3.0, Som Surround;R$ 2.559,90;10x de R$ 255,99
Placa De Vídeo Powercolor Fighter Amd Radeon Rx 6650 Xt Com 8GB De Memória Gddr6.;R$ 2.817,90;10x de R$ 281,79
Placa De Vídeo Para Jogos Asus Dual Amd Radeon Rx 6650 Xt Oc Edition (amd Rdna 2, PCie 4.0, 8GB De Memória Gddr6, HDMI 2.1, Displayport 1.4a, Design De Ventoinha;R$ 4.082,90;10x de R$ 408,29
Placa De Vídeo Para Jogos Sapphire Multi Amd Radeon Rx 7600 Com 8GB Gddr6, Amd Rdna 3.;R$ 2.916,90;10x de R$ 291,69
Placa De Video Amd Radeon Rx580 GDDR5 8GB 256 Bits White;R$ 999,99;10x de R$ 99,99
Placa De Vídeo Para Jogos Acer Predator Bifrost Intel Arc A770 Oc (16gb Gddr6, PCie 4.0, 1 HDMI 2.0, 3 Displayport 2.1);R$ 4.406,90;10x de R$ 440,68
Placa De Vídeo Asus Dual Radeon Rx 6600 8GB Gddr6;R$ 3.194,90;10x de R$ 319,49
Placa De Video Geforce Gt710 Nvidia 2gb Ddr3;R$ 266,15;10x de R$ 26,61
Placa De Video Hoopson (gt710-2gd3);R$ 448,00;10x de R$ 44,80
Placa De Vídeo Pny RTX A400 4gb, Gddr6, 64-bits, 4x Mdp - VcnRTXa400atx-pb;R$ 1.608,14;10x de R$ 180,69
Placa De Vídeo Rx550 2gb GDDR5 Vxpro;R$ 579,90;10x de R$ 57,98
Kit Suporte Vertical Gpu Nzxt - Preto - Ab-rh175-b1;R$ 874,90;10x de R$ 87,49
Placa De Video Geforce Gt710 Nvidia 2gb Ddr3;R$ 266,15;10x de R$ 26,61
Placa De Vídeo Pny Geforce RTX 4060 Ti 8GB Verto Oc Dual Fan Dlss 3 (128-bit, PCie 4.0, Gddr6, HDMI/displayport, Suporta 4k, 2 Slots);R$ 4.096,90;10x de R$ 409,68
Placa De Vídeo RTX3050 6gb Twin X2 Gddr6 96 Bits Inno3d - N30502-06d6-1711va60;R$ 1.584,61;10x de R$ 158,46
Placa De Vídeo RTX 4060 Ti 8GB Gddrd6 128b Ghost Gainward - Ne6406t019p1-1060b;R$ 3.736,13;10x de R$ 373,61
Placa De Vídeo Gtx1650 4g Twin X2 V3 Gddr6 Inno3d - N16502-04d6x-171330n;R$ 1.030,00;10x de R$ 103,00
Zotac Gaming Geforce RTX 4070 Super Trinity Black Edition 12gb Gddr6x - Zt-d40720d-10p;R$ 6.029,99;10x de R$ 602,99
Placa De Video Winnfox 2gb Gt610lp;R$ 225,65;9x de R$ 25,07
Placa De Vídeo Vx Pro Nvidia Geforce Gt610lp, 1gb, Ddr3, 64bit, Gt610lp-1gd3 *;R$ 134,05;6x de R$ 26,28
Placa De Vídeo 4gb Gamer Nvidia Geforce Gt 730 4gb;R$ 490,99;10x de R$ 49,09
Placa De Vídeo Gt 710 Inno3d 2GB SDDR3, 64bit;R$ 351,62;10x de R$ 35,16
Placa De Vídeo Pny Nvidia RTX 5000 Ada Generation, 32gb, Gddr6, 256bits - VcnRTX5000ada-pb;R$ 34.619,21;10x de R$ 4327,40
Placa De Video PCi-e 1gb PCyes Edge G 210 - 64 Bits - Dvi/hdmi/vga - Low Profile - Ppe210dr3sfbr;R$ 123,62;5x de R$ 27,78
Placa De Vídeo Vxpro Amd Radeon - Rx 550, 4gb, Ddr5, 128 Bits;R$ 512,07;10x de R$ 58,19
Placa De Vídeo Rtx 4060ti 8gb Twin Edge Oc Gddr6 128bits Zotac - Zt-d40610h-10m;R$ 4.348,90;10x de R$ 434,89
Placa De Video Xfx 16GB AMD Rx6800 GDDR6 Speedster Swft319 - Rx68xlaqfd9;R$ 4.072,90;10x de R$ 407,29
Placa De Video Pcyes Nvidia Geforce, Rtx 3060, 12GB, DDR6, 192 Bit, Graffiti Series, FULL Size, Dual Fan - Pgs3060fs192;R$ 2.491,00;10x de R$ 249,10
Placa De Video Gpu Rx550 Evolut, 4GB, GDDR5, 128 Bit, Atx, Single Fan;R$ 666,70;10x de R$ 66,67
Placa De Video Pny, 4GB, Quadro K1200, DDR5, 128bits, Minidisplayport, Vcqk1200dp-pb;R$ 1.786,36;10x de R$ 198,48
Placa de Vídeo RX 7600 Gigabyte Radeon, 8GB, 128bits, Gaming Oc;R$ 2.994,90;10x de R$ 299,49
Placa de Vídeo RTX 4060 Gigabyte, 8GB, 128bits, Eagle Oc;R$ 3.449,90;10x de R$ 344,99
Placa de Vídeo AFOX GT 1030 NVIDIA GeForce 2GB, DDR5, HDMI/DVI;R$ 815,39;10x de R$ 90,59
Placa De Vídeo Nvidia Pcyes Geforce RTX 3050, 8GB, 128 BITS - PVRTX30508GB;R$ 1.977,60;10x de R$ 206,00
Placa De Video Msi Geforce RTX 4060 Ti, Ventus 2x, Preto, 8g Oc GDDR8, 128 Bits - 912-v515-024;R$ 2.899,00;10x de R$ 289,89
Placa De Video Gt610 2gb Ddr3 Revenger HDMI Vga Dvi;R$ 209,90;8x de R$ 26,23
Placa De Video 4gb Gt730 Ddr3 128bit Vga/hdmi/dvi Gt730-graphic Star;R$ 369,68;10x de R$ 41,07
Placa De Vídeo Asrock Radeon Rx 7900 Xtx Phantom Gaming Oc, 24gb, Gddr6, 384-bit, ARGB, Preto;R$ 9.615,73;10x de R$ 1144,73
Placa De Video Tgt Geforce Gt730, 4gb, GDDR3, 128-bit, Tgt-gt730-4gb;R$ 549,00;10x de R$ 54,90
Placa De Vídeo Xfx Speedster Swft 210 Radeon Rx7600 Xt 16gb Gddr6 PCi-express;R$ 3.376,80;10x de R$ 375,20
Placa De V?deo Vx Pro Amd Radeon Rx550, 2gb, 128bits, Rx550-2gd5 Vx Pro;R$ 564,25;10x de R$ 56,42
Placa De Video Asrock Radeon Rx 7800xt Steellegend 16gb Oc Gddr6 256 Bits - 90-ga4rzz-00uanf;R$ 5.232,72;10x de R$ 622,94
Placa De Video Asus, 6GB, Geforce, Rtx 2060, Oc Evo, GDDR6 Dual;R$ 5.713,55;10x de R$ 571,35
Placa De Vídeo Gt730, Inno3d, Nvidia Geforce , 2GB, SDDR3, 64bit;R$ 502,21;10x de R$ 52,86
Placa De Vídeo Nvidia Gigabyte Geforce, RTX 4080 Gaming Oc, 16GB, GDDR6x, 256 Bits - Gv-n4080gaming Oc-16;R$ 11.227,44;10x de R$ 1122,74
Placa De Vídeo Asus RTX4090, 24GB, GDDR6x, 384bits, Tuf Gaming - 90yv0ie1-m0na00;R$ 15.999,00;10x de R$ 1599,90
Placa De Vídeo Gt710 Lp, Inno3d, 1gb, SDDR3, 64-bit;R$ 325,51;10x de R$ 34,26
Placa De Vídeo Asus Tuf Gaming Radeon™ Rx 7600 Xt Oc Edition 16gb Gddr6 (amd Rdna™ 3, PCie 4.0, HDMI 2.1, Displayport 2.1, Design De Ventoinha Axial-tech;R$ 4.343,90;10x de R$ 434,39
Placa Gráfica Visiontek Amd Radeon Rx 560 - 2 Gb GDDR5.;R$ 2.004,90;10x de R$ 200,49
Placa De Vídeo Para Jogos Xfx Speedster Swft105 Radeon Rx 6400 Com 4gb Gddr6, Amd Rdna 2 Rx-64xl4sfg2.;R$ 1.531,90;10x de R$ 153,19
Placa De Vídeo Para Jogos Xfx Speedster Swft210 Radeon Rx 7600xt Core Com 16gb Gddr6 HDMI 3xdp, Amd Rdna 3 Rx-76tswftfp.;R$ 3.598,90;10x de R$ 359,89
Placa De Vídeo Nvidia Geforce Gt 210 1gb 64bit;R$ 249,99;9x de R$ 27,77
Placa De Video 4gb Gtx750ti 128bit Dvi/hdmi/vga Ddr5 Lp Gtx 750 Ti Szmz;R$ 703,58;10x de R$ 78,17
Placa De Vídeo Vxpro Nvidia Geforce Gt740 2gb Ddr3;R$ 258,01;10x de R$ 28,99
Placa De V?deo Vx Pro Nvidia Geforce Gtx750 Ti, 2gb, 128bits, Gtx750ti-2gd5 *;R$ 562,80;10x de R$ 56,27
Placa De Vídeo Pine Technology Pvt20a-rt Nvidia Geforce3 64mb Ddr Sdram Agp 4x;R$ 331,90;10x de R$ 33,19
Placa De Vídeo Zotac Gaming Nvidia Rtx 3060 - 12gb, 192bits;R$ 3.535,90;10x de R$ 353,59
Placa De Video Geforce RTX 3050 Gaming X 6gb Gddr6 - Msi;R$ 1.849,95;10x de R$ 184,99
Placa De Vídeo Asus Phoenix Geforce RTX™ 3050 V2 (pcie 4.0, 8GB Gddr6, HDMI 2.1, Displayport 1.4a);R$ 2.514,90;10x de R$ 251,49
Placa De Vídeo Gigabyte - Geforce Gtx 1660 Oc, 6gb GDDR5.;R$ 3.694,90;10x de R$ 369,49
Gpu Gt 1030 4gb GDDR4 64bit Single Fan Low Profile - Pagt10304gbg4lp;R$ 1.019,88;10x de R$ 101,98
Placa Gráfica Amd Radeon Hd 7750 Visiontek - 2 Gb GDDR5.;R$ 1.429,90;10x de R$ 142,99
Placa De Video Brx Rx 580 8GB GDDR5 256 Bit;R$ 970,07;10x de R$ 115,48
Placa De Vídeo Acer Predator Bifrost Amd Radeon Rx7600 Com Overclock | 8GB Gddr6 128-bit 18 Gbps | Resfriamento Híbrido Com Ventilador Duplo E Câmara De Vapor | Tdp 180w | 1 X;R$ 3.571,90;10x de R$ 357,19
Placa De Vídeo Acer Nitro Amd Radeon Rx7600 Xt Overclocking | 16gb Gddr6 128-bit 18 Gbps | Duas Ventoinhas Nitro Frostblade Ringed | Tdp 215w | 1 X HDMI 2.1 &;R$ 3.765,90;10x de R$ 376,59
Placa De Vídeo Rtx 4070ti 16GB, Super Tx2 G6x 256b Inno3d - N407ts2-166x-186156n;R$ 8.086,62;10x de R$ 808,66
Placa De Vídeo Rtx4060 8gb Compact Gddr6 Inno3d - N40601-08d6-173050n;R$ 2.580,41;10x de R$ 258,04
Placa De Vídeo Quadro RTX 4500 Ada Generation 24gb Gddr6 192bits Pny - VcnRTX4500ada-pb;R$ 26.041,99;10x de R$ 2604,19
Placa De Vídeo Rtx 4080 16gb Super Panther Oc 256bits Gainward - Ned408ss19t2-1032z;R$ 8.693,62;10x de R$ 869,36
Placa De Vídeo Rtx 4080 16gb Sup Amp Extreme Airo G6x 256b Zotac - Zt-d40820b-10p;R$ 10.282,73;10x de R$ 1224,13
Placa de Vídeo Knup NVIDIA GeForce Revenger GTX 750TI Gamer, 2GB DDR5, DVI, VGA, HDMI - GTX750TI/2G;R$ 779,71;10x de R$ 82,07
Placa De Video Asus Dual Oc 8GB Geforce RTX4060 Gddr6 - Dual-RTX4060-o8g-evo;R$ 3.812,60;10x de R$ 381,26
Placa De Video Asrock Radeon Rx 7800xt Phantom Gaming 16gb Oc Gddr6 256 Bits - 90-ga4mzz-00uan;R$ 5.372,88;10x de R$ 639,62
Placa de Vídeo Zotac GeForce RTX 4080 Super Trinity Black Edition, 16GB, 256-BIT, GDDR6X - ZT-D40820D-10P;R$ 10.113,15;10x de R$ 1011,31
Zotac Gaming Geforce RTX 4070 Ti Super Trinity Oc White Edition 16gb Gddr6x - Zt-d40730q-10p;R$ 7.949,38;10x de R$ 794,93
Placa de Video Zotac GeForce RTX 4080 AMP Extreme Airo, 16GB, GDDR6X, 256 bit - ZT-D40810B-10P;R$ 10.737,84;10x de R$ 1073,78
Placa De Vídeo Inno3d Gt730, 4GB, SDDR3, 64-bit;R$ 601,61;10x de R$ 60,16
Placa De Vídeo Rtx 3090 24GB, 384bits Palit Gamingpro, GDDR6x, Pci, Express 4.0;R$ 6.599,90;10x de R$ 733,32
Placa De Video Gtx 1660 Super Pcwinmax, 6GB, 192 Bits, GDDR6;R$ 1.199,90;10x de R$ 133,32
Placa De Vídeo RTX4060 Zotac Gaming Solo, 8GB, GDDR6, 128 Bits - Zt-D40600g-10l;R$ 2.387,58;10x de R$ 298,44
Placa De Video Manli Geforce Rtx 3060, 12GB, GDDR6, 192 Bits HDMI/dp;R$ 2.104,21;10x de R$ 210,42
Placa De Vídeo Zotac Gaming Geforce RTX 4060 Ti Twin Edge Oc, 8GB, Gddr6, 128-bit, RGB, Branco;R$ 4.029,72;10x de R$ 402,97
Placa de Vídeo RTX 4060 TI Dual 8G SSD OC ASUS NVIDIA GeForce, 8GB GDDR6, DLSS, Ray Tracing - 90YV0JS0-M0NA00;R$ 2.799,99;10x de R$ 329,41
Placa de Vídeo PNY NVIDIA GeForce GT 1030, 2GB, GDDR4 - GMG103WE3G2CX1KTP;R$ 679,90;10x de R$ 79,98
Placa de Vídeo Afox NVIDIA GeForce GT 740, 4GB DDR3, PCI-E, DVI, VGA, HDMI, Dual Slot - AF740-4096D3L3;R$ 808,02;10x de R$ 91,82
Placa de Vídeo Afox NVIDIA GeForce GT 710, 1GB DDR3, PCI-E, DVI, VGA, HDMI, Low Profile - AF710-1024D3L8-V2;R$ 357,75;10x de R$ 39,75
Placa de Vídeo PCYes NVIDIA GeForce GT 1030, 2GB GDDR5;R$ 689,00;10x de R$ 68,90
Placa de Vídeo AFOX GeForce GTX750TI, 2GB, GDDR5, 128 Bits, HDMI/DVI/VGA - AF750TI-2048D5H5-V7;R$ 937,44;10x de R$ 93,74
Placa de Vídeo Asus NVIDIA GeForce GTX 1660 Super OC Edition Phoenix, 6GB GDDR6, 192 Bits - PH-GTX1660S-O6G;R$ 3.801,90;10x de R$ 380,19
Placa de Vídeo Afox NVIDIA GeForce GT 710, 2GB DDR3, PCI-E, DVI, VGA, HDMI, Low Profile - AF710-2048D3L7;R$ 626,90;10x de R$ 62,69
Placa de Vídeo Powercolor AMD Radeon RX 550 Red Dragon, 4GB;R$ 3.060,00;10x de R$ 306,00
Placa de Vídeo Gainward NVIDIA GeForce GTX 1660 Super, 6GB GDDR6, 192 Bits, Dual FAN;R$ 5.592,00;10x de R$ 699,00
Placa de Vídeo Zotac NVIDIA GeForce GT730, 4GB DDR3, 64 Bits, Low Profile, HDMI/DVI/VGA - ZT-71115-20L;R$ 628,95;10x de R$ 66,20
Placa de Vídeo Gigabyte NVIDIA GeForce RTX 2060, 6GB GDDR6 - GV-N2060D6-6GD;R$ 3.500,00;10x de R$ 350,00
Adaptador Para Duas Fontes E Mineração Psuad 2psu/1pc Tx-n02-b 4pinos Molex;R$ 21,90;1x de R$ 21,90
Placa de Vídeo Galax NVIDIA GeForce RTX 3050, 8GB GDDR6, 128 Bits;R$ 2.800,00;10x de R$ 350,00
Placa de Vídeo XFX AMD RX6600XT Speedster SWFT210, 8GB GDDR6 - RX66XT8DFDQ;R$ 3.199,00;10x de R$ 319,89
Bloco VGA Barrow Para Rtx 3080 (ti) E Rtx 3090 Msi Gaming Trio - Bs-msg3090m-pa;R$ 899,00;10x de R$ 89,90
Placa De Video Zotac Gtx 1030 2Gb - Zt-p10300a-10l;R$ 1.181,90;10x de R$ 118,19
Placa de Vídeo RX 580 PowerColor Red Dragon AMD Radeon, 8GB GDDR5 - AXRX 580 8GBD5-DHD;;
Placa de Vídeo Gigabyte RX 6500 XT EAGLE AMD , 4GB GDDR6 - GV-R65XTEAGLE-4GD;;
Placa de Vídeo RX 580 Phantom Gaming Elite ASRock AMD Radeon, 8GB GDDR5, HDR, FreeSync - 90-GA2NZZ-00UANF;;
Placa de Vídeo GT 1030 PCYes NVIDIA GeForce, 2GB GDDR5, 64 Bits, Low Profile - PA1030GTG5LP;;
Placa de Vídeo GT 210 Galax NVIDIA GeForce, 1GB DDR3, 64 Bits - 21GGF4HI00NP;;
Placa de Vídeo GT 740 PCYES NVIDIA GeForce, 4GB GDDR5, 128 Bits Single Fan - PVGT7404GBR5128;;
Placa de Vídeo Galax NVIDIA GeForce GTX 1660 1-Click OC, 6GB, GDDR5 - 60SRH7DSY91C;;
Placa de Vídeo RX 6700 XT XFX Speedster QICK319 AMD Radeon Black Gaming, 12GB GDDR6, 16Gbps, AMD RDNA 2 Architecture - RX-67XTYPBDP;;
Placa de Vídeo AXRX 6600 3DH Power Color Fighter AMD Radeon, 8GB GDDR6, Preto - AXRX 6600 8GBD6-3DH;;
Placa de Vídeo AXRX 6600 3DH Power Color Fighter AMD Radeon, 8GB GDDR6, Preto - AXRX 6600 8GBD6-3DH;;
Placa de Vídeo RTX 2060 KO Ultra Gaming EVGA NVIDIA GeForce, 6 GB GDDR6 - 06G-P4-2068-KR;;
Placa de Vídeo Gigabyte AMD Radeon RX 5600 XT Windforce OC 6G, 6GB, GDDR6, (rev 1.0) - GV-R56XTWF2OC-6GD;;
Placa de Vídeo RX 550 Sapphire AMD Radeon Pulse, 4 GB GDDR5 - 11268-01-20G;;
Placa de Vídeo RTX 3090 GAMING BOX Gigabyte AORUS, 24GB GDDR6X, RGB Fusion e WaterForce - GV-N3090IXEB-24GD;;
Placa de Vídeo RTX 2060 D6 Gigabyte NVIDIA GeForce, 6GB GDDR6 - GV-N2060D6-6GD;;
Placa de Vídeo GT 1030 Gigabyte NVIDIA GeForce D4, 2GB DDR4 - GV-N1030D4-2GL;;
Placa de Vídeo GTX 1050 Ti Pcyes NVIDIA GeForce Graffiti Series, 4GB GDDR5, G-Sync - PJ1050TI4GBDF;;
Placa de Vídeo GTX 1660 Super Ventus XS OC MSI NVIDIA GeForce, 6GB, GDDR6;;
Placa de Vídeo RX 550 PCYes AMD Radeon, 4GB GDDR5, Graffiti Series - PJRX550DR5128B;;
Placa de Vídeo Pcyes NVIDIA GeForce GTX 1050 Ti, 4 GB GDDR5, 128Bits, Dual Fan, Graffiti Series - PAXGTX1050TI4GBDR5;;
Placa de Vídeo GTX 1650 Asus NVIDIA GeForce, 4GB, GDDR6 - TUF-GTX1650-O4GD6-P-GAMING;;
Placa de Vídeo RX 580 PCYes AMD Dual Fan, 8GB GDDR5, 256Bits 2048SP, Graffiti Series - PVRX5808GBDF;;
Placa de Vídeo RTX 2060 Ventus GP OC MSI NVIDIA GeForce, 6GB GDDR6, Ray Tracing - GeForce RTX 2060 VENTUS GP OC;;
Placa de Vídeo RTX 3080 Zotac GeForce, 10GB, GDDR6X - ZT-A30800J-10P;;
Placa de Vídeo RX 6900 XT Gigabyte Radeon, 16 GB, GDDR6, RGB Fusion - GV-R69XTGAMING OC-16GD;;
Placa de Vídeo RTX 2060 Ventus MSI NVIDIA GeForce, 12 GB GDDR6, Ray Tracing - RTX 2060 VENTUS 12G OC;;
Placa de Vídeo RTX 3080 Trinity Zotac NVIDIA GeForce, 10GB GDDR6X, 19 Gbps, LHR, Ray Tracing, DLSS, RGB - ZT-A30800D-10PLHR;;
Placa de Vídeo Power Color AMD RX6800 AXRX 6800, 16 Gbps, 16GB, GDDR6 - 16BD6-3DH/OC;;
Placa de Vídeo GT 730 EVGA NVIDIA GeForce, 2 GB GDDR5 - 02G-P3-3733-KR;;
Placa de Vídeo N210 MSI NVIDIA GeForce, 1GB DDR3 - N210-MD1G/D3;;
Placa de Vídeo GTX 1660 Super Gaming X MSI NVIDIA GeForce, 6GB, GDDR6 - Geforce GTX 1660 Super GAMING X;;
Placa de Vídeo T400 PNY NVIDIA, 2GB, GDDR6 - VCNT400-PB;;
Placa de Vídeo RX 6500 XT Gaming D OC ASRock Radeon Phantom, 4GB, GDDR6, 64 Bit, Dual Fan - 90-GA3DZZ-00UANF;;
Placa de Vídeo RTX 3060 Ti Twin Edge Zotac NVIDIA GeForce, 8GB GDDR6, 14 Gbps, LHR, DLSS, Ray Tracing - ZT-A30610E-10MLHR;;
Placa de Vídeo Zotac Gaming NVIDIA GeForce RTX 2060, 6GB, GDDR6 - ZT-T20600H-10M;;
Placa de Vídeo RX 5500 XT OC Gigabyte AMD Radeon, 4GB, GDDR6 - GV-R55XTOC-4GD;;
Placa de Vídeo RX 570 Gaming Gigabyte AMD Radeon, 4GB, GDDR5, REV 2.0 - GV-RX570GAMING-4GD;;
Placa de Vídeo R7 240 PCYes AMD Radeon, 4GB GDDR5, 128 Bits - PJ7R240DR5;;
Placa de Vídeo RTX 3090 O24G Gaming Asus NVIDIA ROG Strix GeForce, RGB, 24 GB GDDR6X, DLSS, Ray Tracing - 90YV0F93-M0NA00;;
Placa de Vídeo RTX 3080 XC3 Ultra Gaming EVGA NVIDIA GeForce, 10GB GDDR6X, iCX3 Cooling, ARGB LED, LHR, DLSS, Ray Tracing - 10G-P5-3885-KL;;
Placa de Vídeo GTX 1050 Ti Gigabyte NVIDIA GeForce D5, 4GB GDDR5 - GV-N105TD5-4GD;;
Placa de Vídeo RTX 3090 Turbo 24G Gigabyte NVIDIA GeForce, 24GB GDDR6X, DLSS, Ray Tracing - GV-N3090TURBO-24GD;;
Placa de Vídeo RTX 2060 Ventus GP OC MSI NVIDIA GeForce, 6GB GDDR6, 3x DisplayPort, HDMI - 912-V375-808;;
Placa de Vídeo GT 710 EVGA NVIDIA GeForce 2GB, DDR3 - 02G-P3-2713-KR;;
Placa de Vídeo GT 1030 EVGA NVIDIA GeForce SC 2GB, GDDR5 - 02G-P4-6338-KR;;
Placa de Vídeo RX 550 ASRock AMD Radeon Phantom Gaming, 2GB GDDR5 - 90-GA0500-00UANF;;
Placa de Vídeo GTX 1660 Asus Phoenix NVIDIA GeForce 6GB, GDDR5 - PH-GTX1660-O6G;;
Placa de Vídeo RX 570 PowerColor AMD Radeon, 4GB, GDDR5 - AXRX 570 4GBD5-DHDV3/OC;;
Placa de Vídeo Quadro P1000 PNY NVIDIA, 4GB, GDDR5 - VCQP1000V2-PB;;
Placa de Vídeo RX 6700 XT XFX Speedster MERC319 AMD Radeon Black Gaming, 12GB GDDR6, 16Gbps, AMD RDNA 2 Architecture - RX-67XTYTBDP;;
Placa de Vídeo RX 6900 XT XFX SPEEDSTER MERC319 AMD Radeon Limited Black Gaming, 16GB GDDR6, 16 Gbps, AMD RDNA 2 - RX-69XTACSD9;;
Placa de Vídeo RX 560 Afox Radeon, 4GB DDR5, 128Bit, ATX Dual Fan, HDMI/DisplayPort, Preto - AFRX560-4096D5H4-V2;;
Placa de Vídeo GTX 1050 Pcyes NVIDIA GeForce, 2GB GDDR5, Dual Fan, Graffiti Series - PA10502GBDF128;;
Placa de Vídeo RX 550 PCYes AMD Radeon, 4GB GDDR5, 128 Bits Dual Fan, Graffiti Series, Preto - PAXRX550DR5DF;;
Placa de Vídeo Gigabyte NVIDIA GeForce GTX 1050 Ti OC 4G, GDDR5 - GV-N105TOC-4GD;;
Placa de Vídeo GTX 1050 Ti Gigabyte NVIDIA GeForce OC 4GB, GDDR5 - GV-N105TOC-4GL;;
Placa de Vídeo PowerColor AMD Radeon RX 580 Red Devil 8GB, GDDR5 - AXRX 580 8GBD5-3DH/OC;;
Placa de Vídeo VGA NVIDIA GIGABYTE GEFORCE GT 1030 2GB OC GDDR5 GV-N1030OC-2GI;;
Placa de Vídeo VGA Gigabyte NVIDIA Geforce RTX 2080 Ti Gaming 11GB, GDDR6, 352 bits, PCI-E 3.0 - GV-N208TGAMING OC-11GC;;
Placa de Vídeo Gigabyte NVIDIA GeForce RTX 2060 Mini ITX OC 6G, GDDR6 - GV-N2060IXOC-6GD;;
Placa de Vídeo GTX 1660 Ti Zotac NVIDIA GeForce AMP 6GB, GDDR6 - ZT-T16610D-10M;;
Placa de Vídeo Gigabyte NVIDIA GeForce RTX 2060 Gaming OC Pro 6G, GDDR6 - GV-N2060GAMINGOC PRO-6GD;;
Placa de Vídeo Gigabyte Aorus NVIDIA GeForce RTX 2080 Ti Xtreme 11G, GDDR6 - GV-N208TAORUS X-11GC;;
Placa de Vídeo Gigabyte NVIDIA GeForce RTX 2060 WindForce 6G, GDDR6 - GV-N2060WF2-6GD;;
Placa de Vídeo Gigabyte NVIDIA GeForce RTX 2060 Super Windforce OC 8G, GDDR6 - GV-N206SWF2OC-8GD;;
Placa de Video Asrock Phantom Gaming D Radeon RX570 4G, GDDR5;;
Placa de Vídeo Gigabyte NVIDIA GeForce RTX 2080 Super Gaming OC, 8GB, GDDR6 - GV-N208SGAMING OC-8GC;;
Placa de Vídeo Gigabyte AMD Radeon RX 5700 XT Gaming OC, 8GB, GDDR6 - GV-R57XTGAMING OC-8GD;;
Placa de Vídeo Gigabyte AMD Radeon RX 5700 Gaming OC, 8GB, GDDR6 - GV-R57GAMING OC-8GD;;
Placa de Vídeo Gigabyte NVIDIA GeForce GTX 1650 Super Windforce OC 4G, GDDR6 - GV-N165SWF2OC-4GD;;
Placa de Vídeo Gigabyte AMD Radeon RX 5500 XT Gaming OC 8GB, GDDR6 - GV-R55XTGAMING OC-8GD;;
Placa de Vídeo Gigabyte AMD Radeon RX 5500 XT OC 8GB, GDDR6 - GV-R55XTOC-8GD;;
Placa de Vídeo RTX 2080 Super Gaming OC Waterforce WB Gigabyte NVIDIA GeForce, 8GB GDDR6 - GV-N208SGAMINGOC WB-8GD;;
Placa de Vídeo Gigabyte NVIDIA GeForce GTX 1650 Super OC, 4GB, GDDR6 - GV-N165SOC-4GD;;
Placa de Vídeo Gigabyte NVIDIA GeForce GTX 1650 OC Low Profile, 4GB, GDDR5 - GV-N1650OC-4GL;;
Placa de Vídeo Gigabyte AMD Radeon RX 5500 XT Gaming OC, 4GB, GDDR6 - GV-R55XTGAMING OC-4GD;;
Placa de Vídeo Gigabyte AMD Radeon RX 5600 XT Gaming OC, 6GB, GDDR6 - GV-R56XTGAMING OC-6GD;;
Placa de Vídeo Gigabyte NVIDIA GeForce RTX 2070 Super Windforce 3X, 8GB, GDDR6 - GV-N207SWF3-8GD;;
Placa de Vídeo Gigabyte NVIDIA GeForce RTX 2060 OC, 6GB, GDDR6, REV 2.0 - GV-N2060OC-6GD;;
Placa de Vídeo RX 5600 XT Phantom Gaming D2 OC ASRock AMD Radeon, 6GB, DDR6 - 90-GA1WZZ-00UANF;;
Placa de Vídeo RX 5600 XT Challenger D OC ASRock AMD Radeon, 6GB, DDR6 - 90-GA1XZZ-00UANF;;
Placa de Vídeo Gigabyte AMD Radeon RX 580 Gaming, 8GB, GDDR5, REV 2.0 - GV-RX580GAMING-8GD REV2.0;;
Placa de Vídeo Gigabyte NVIDIA GeForce RTX 2060 Windforce OC, 6GB, GDDR6, REV 2.0 - GV-N2060WF2OC-6GD (Rev 2.0);;
Placa de Vídeo Gigabyte NVIDIA GeForce RTX 2060 Gaming OC Pro, 6GB, GDDR6, REV 2.0 - GV-N2060GAMINGOC PRO-6GD REV2.0;;
Placa de Vídeo ASRock AMD Radeon RX 5500 XT Challenger D 4G OC, 4GB, GDDR6 - RX5500XT CLD 4GO;;
Placa de Vídeo Gigabyte NVIDIA GeForce GTX 1650 WindForce 4G, 4GB, GDDR5 - GV-N1650WF2-4GD;;
Placa de Vídeo GTX 1650 0C Gigabyte NVIDIA GeForce D6 4G, 4GB, GDDR6 - GV-N1656OC-4GD;;
Placa de Vídeo GT 730 Gigabyte NVIDIA GeForce, 2GB GDDR5 - GV-N730D5-2GI (rev 2.0);;
Placa de Vídeo Gigabyte AMD Radeon RX570 Gaming 8G, 8GB, GDDR5, REV 2.0 - GV-RX570GAMING-8GD;;
Placa de Vídeo PowerColor AMD Radeon RX 550, 4GB, DDR5 - AXRX 550 4GBD5-DH;;
Placa de Vídeo Gigabyte NVIDIA GeForce RTX 2060 Super Gaming 8G, 8GB, GDDR6 - GV-N206SGAMING-8GC;;
Placa de Vídeo Gigabyte NVIDIA GeForce GTX 1650 D6 OC Low Profile 4G, 4GB, GDDR6 - GV-N1656OC-4GL;;
Placa de Vídeo Gigabyte NVIDIA GeForce RTX 2060 Super WindForce 8G, GDDR6, Rev 1.1 ? GV-N206SWF2-8GD;;
Placa de Vídeo Gigabyte Radeon RX 5500 XT D6, AMD/ATI, 4G, GDDR6 - GV-R55XTD6-4GD;;
Placa de Vídeo Gigabyte Radeon RX 5500 XT D6, AMD/ATI, 8G, GDDR6 - GV-R55XTD6-8GD;;
Placa de Vídeo Gigabyte Radeon Windforce RX 5600 XT, AMD/ATI, 6GB - GV-R56XTWF2-6GD (rev 1.0);;
Placa de Vídeo Gigabyte NVIDIA GeForce GTX 1650 D6 WINDFORCE OC, 4G, GDDR6, Rev. 2.0 - GV-N1656WF2OC-4GD;;
Placa de Vídeo RTX 3080 EVGA NVIDIA GeForce, 10GB, GDDR6X - 10G-P5-3897-KR;;
Placa de Vídeo Gigabyte NVIDIA GeForce RTX 3080, 10GB, GDDR6X - GV-N3080EAGLE OC-10GD;;
Placa de Vídeo Gigabyte AMD Radeon RX 5600 XT WINDFORCE 6G, GDDR6 (Rev. 2.0) - GV-R56XTWF2-6GD;;
Placa de Vídeo Gigabyte NVIDIA GeForce RTX 3090 Eagle OC, 24gb, GDDR6X - GV-N3090EAGLEOC-24GD;;
Placa de Vídeo RTX 3070 Master Gigabyte NVIDIA Aorus GeForce, 8GB GDDR6 - GV-N3070AORUS M-8GD;;
Placa de Vídeo Gigabyte NVIDIA GeForce RTX 3060 Ti, 8GB, AORUS Master - GV-N306TAORUS M-8GD;;
Placa de Vídeo RTX 3060 Ti Gigabyte NVIDIA GeForce, 8GB, LHR, GAMING OC PRO - (Rev 3.0) - GV-N306TGAMINGOC PRO-8GD;;
Placa de Vídeo Gigabyte NVIDIA GeForce RTX 3060 Ti, 8GB, GAMING OC - GV-N306TGAMING OC-8GD;;
Placa de Vídeo Gigabyte NVIDIA GeForce RTX 3060 Ti, 8GB, EAGLE OC - GV-N306TEAGLE OC-8GD;;
Placa de Vídeo Gigabyte NVIDIA GeForce RTX 3090 Vision OC, 24GB GDDR6X - GV-N3090VISION OC-24GD;;
Placa de Vídeo Gigabyte NVIDIA AORUS GeForce RTX 3080 Master, 10GB, GDDR6X - GV-N3080AORUS M-10GD;;
Placa de Video Gigabyte Aorus Radeon RX6800 XT, 16 GB, GDDR6, RGB - GV-R68XTAORUS M-16GC;;
